Original Filename,Original Path,Final Path,Final Filename,Class,Subject,Year,Exam Type,Q.P. Code,Set,Series,Page Count,SHA-256,Confidence,Evidence Page,Evidence,Classification Notes,Duplicate Status,Action
1-S English Communitive.pdf,1-S English Communitive.pdf,Class 10/English Communicative/2024/Supplementary Examination/Set 4/2024_Supplementary_English_Communicative_QP11_Set4.pdf,2024_Supplementary_English_Communicative_QP11_Set4.pdf,Class 10,English Communicative,2024,Supplementary Examination,11,4,#CDBA/S,11,d360c5856d355e3b012b231826e900309567b576e526184fc3f0827eb8028d1f,HIGH,1,1/S 1 P.T.O. Candidates must write the Q.P. Code on the title page of the answer-book. Series #CDBA/S SET-4 Q.P. Code Roll No. NOTE (I),"Class 10 English Communicative (2024 Supplementary Examination, Set 4, QP 11)",Original / Retained,SORTED
104 Artificial Intelligence.pdf,104 Artificial Intelligence.pdf,Class 10/Artificial Intelligence/2022/Main Examination/Set 4/2022_Main_Artificial_Intelligence_QPCamaidates_Set4.pdf,2022_Main_Artificial_Intelligence_QPCamaidates_Set4.pdf,Class 10,Artificial Intelligence,2022,Main Examination,Camaidates,4,2QARA,8,0a11d506b72612e41de877d4536a30929cb3377585591d68c5646f9b842b8546,HIGH,1,Series: 2QARA TM7. Roll No. SET-4 177-T7ans 104 Question Paper Code No. Camaidates muth enis the Codo on 50***** • • нажою 54*5* • •,"Class 10 Artificial Intelligence (2022 Main Examination, Set 4, QP Camaidates)",Original / Retained,SORTED
104_Artificial_Intelleigence_NEW.pdf,104_Artificial_Intelleigence_NEW.pdf,Class 10/Artificial Intelligence/2025/Main Examination/Set 4/2025_Main_Artificial_Intelligence_QP104_Set4.pdf,2025_Main_Artificial_Intelligence_QP104_Set4.pdf,Class 10,Artificial Intelligence,2025,Main Examination,104,4,GE1FH,24,609294c3009cecb6e3eed3427705fe02c0405c18ab879f8a3aa63f876f44b404,HIGH,1,104 1 | P a g e P.T.O. Series : GE1FH SET ~ 4  . Roll No.     NOTE (I) ,"Class 10 Artificial Intelligence (2025 Main Examination, Set 4, QP 104)",Original / Retained,SORTED
104_Artificial_Intelligence 2.pdf,104_Artificial_Intelligence 2.pdf,Class 10/Artificial Intelligence/2023/Main Examination/Set 4/2023_Main_Artificial_Intelligence_QP104_Set4.pdf,2023_Main_Artificial_Intelligence_QP104_Set4.pdf,Class 10,Artificial Intelligence,2023,Main Examination,104,4,YYZXW,8,b88965b670897fbdffd77956f65e21835af97c02fd3623eb7db126bb0e9edde5,HIGH,1,ORO 82 Series YYZXW Set-4 Q.P. Code :104 BE RB RE Roll No. Candidates must write the Q.P. Code on the title page of the,"Class 10 Artificial Intelligence (2023 Main Examination, Set 4, QP 104)",Duplicate of 104_Artificial_Intelligence.pdf,DELETED_DUPLICATE
104_Artificial_Intelligence 3.pdf,104_Artificial_Intelligence 3.pdf,Class 10/Artificial Intelligence/2024/Main Examination/Set 4/2024_Main_Artificial_Intelligence_QPSet-4_Set4.pdf,2024_Main_Artificial_Intelligence_QPSet-4_Set4.pdf,Class 10,Artificial Intelligence,2024,Main Examination,Set-4,4,#CDBA,12,0bd9e8888f715f36189f12a69ae676c1b70a7addce4d0c826a6f53b7705e2cea,HIGH,1,Series #CDBA Q.P.Code Set-4 104 Roll No. 00 HAFE oa the ate aes vie thogar code ARTIFICIAL INTELLIGENCE FETlA16E:2a0d Time allowed : 2 hours ЗЕФАН,"Class 10 Artificial Intelligence (2024 Main Examination, Set 4, QP Set-4)",Original / Retained,SORTED
104_Artificial_Intelligence.pdf,104_Artificial_Intelligence.pdf,Class 10/Artificial Intelligence/2023/Main Examination/Set 4/2023_Main_Artificial_Intelligence_QP104_Set4.pdf,2023_Main_Artificial_Intelligence_QP104_Set4.pdf,Class 10,Artificial Intelligence,2023,Main Examination,104,4,YYZXW,8,b88965b670897fbdffd77956f65e21835af97c02fd3623eb7db126bb0e9edde5,HIGH,1,ORO 82 Series YYZXW Set-4 Q.P. Code :104 BE RB RE Roll No. Candidates must write the Q.P. Code on the title page of the,"Class 10 Artificial Intelligence (2023 Main Examination, Set 4, QP 104)",Original / Retained,SORTED
106_Data_Science 2.pdf,106_Data_Science 2.pdf,Class 10/Data Science/2023/Main Examination/Set 4/2023_Main_Data_Science_QP106_Set4.pdf,2023_Main_Data_Science_QP106_Set4.pdf,Class 10,Data Science,2023,Main Examination,106,4,ZWYX,11,173a751fb7a28598f500493834145ad81607383a3fce75c43ec9d18efc21692d,HIGH,1,106 Page 1 of 11 P.T.O. Series ZWYX Set-4 Q.P. Code Roll No. DATA SCIENCE Time allowed : 2 hours Maximum Marks : 50 Please,"Class 10 Data Science (2023 Main Examination, Set 4, QP 106)",Original / Retained,SORTED
106_Data_Science copy.pdf,106_Data_Science copy.pdf,Class 10/Data Science/2024/Main Examination/Set 4/2024_Main_Data_Science_QP106_Set4.pdf,2024_Main_Data_Science_QP106_Set4.pdf,Class 10,Data Science,2024,Main Examination,106,4,#CDBA,11,a96439ee296c4ea4dd6ca05f69d590cba72bfd6ab32dee8b7497ed98c378b2b9,HIGH,1,4-106 Page 1 P.T.O. Candidates must write the Q.P. Code on the title page of the answer-book. Series #CDBA > Q.P. Code Roll No. Please,"Class 10 Data Science (2024 Main Examination, Set 4, QP 106)",Original / Retained,SORTED
106_Data_Science.pdf,106_Data_Science.pdf,Class 10/Data Science/2025/Main Examination/Set 4/2025_Main_Data_Science_QP106_Set4.pdf,2025_Main_Data_Science_QP106_Set4.pdf,Class 10,Data Science,2025,Main Examination,106,4,HF1EG,15,181939c8848f5cdbc5801816e0ba93793996656ab2200610c0a5c1b6b609703c,HIGH,1,106 Page 1 of 15 # P.T.O. परीक्षार्थी प्रश् न-पत्र कोड को उत्तर-पुस्तिका के मुख-पृष्ठ पर अवश्य स्िखें । Candidates must write the Q.P. Code,"Class 10 Data Science (2025 Main Examination, Set 4, QP 106)",Original / Retained,SORTED
107_Electronics_Hardware 2.pdf,107_Electronics_Hardware 2.pdf,Class 10/Electronics and Hardware/2024/Main Examination/Set 4/2024_Main_Electronics_and_Hardware_QP107_Set4.pdf,2024_Main_Electronics_and_Hardware_QP107_Set4.pdf,Class 10,Electronics and Hardware,2024,Main Examination,107,4,#CDBA,15,6dca19c1ac0e8c3ce003928d1cbcbe37fb0983f7a666c1c4593284262928ba8a,HIGH,1,4-107 Page 1 P.T.O. narjmWu àíZ-nÌ H$moS> >H$mo CÎma-nwpñVH$m Ho$ _wI-n¥ð >na Adí` {bIo§ & Candidates must write the Q.P. Code on the title page,"Class 10 Electronics and Hardware (2024 Main Examination, Set 4, QP 107)",Duplicate of 107_Electronics_Hardware.pdf,DELETED_DUPLICATE
107_Electronics_Hardware.pdf,107_Electronics_Hardware.pdf,Class 10/Electronics and Hardware/2024/Main Examination/Set 4/2024_Main_Electronics_and_Hardware_QP107_Set4.pdf,2024_Main_Electronics_and_Hardware_QP107_Set4.pdf,Class 10,Electronics and Hardware,2024,Main Examination,107,4,#CDBA,15,6dca19c1ac0e8c3ce003928d1cbcbe37fb0983f7a666c1c4593284262928ba8a,HIGH,1,4-107 Page 1 P.T.O. narjmWu àíZ-nÌ H$moS> >H$mo CÎma-nwpñVH$m Ho$ _wI-n¥ð >na Adí` {bIo§ & Candidates must write the Q.P. Code on the title page,"Class 10 Electronics and Hardware (2024 Main Examination, Set 4, QP 107)",Original / Retained,SORTED
107_Electronics_and_Hardware.pdf,107_Electronics_and_Hardware.pdf,Class 10/Electronics and Hardware/2025/Main Examination/Set 4/2025_Main_Electronics_and_Hardware_QP107_Set4.pdf,2025_Main_Electronics_and_Hardware_QP107_Set4.pdf,Class 10,Electronics and Hardware,2025,Main Examination,107,4,HF1EG,15,a2c699de1fc1676a96deeee881d5a07c27ea996ca16e53a46e244bf13142cb6e,HIGH,1,107 Page 1 of 15 # P.T.O. परीक्षार्थी प्रश् न-पत्र कोड को उत्तर-पुस्तिका के मुख-पृष्ठ पर अवश्य स्िखें । Candidates must write the Q.P. Code,"Class 10 Electronics and Hardware (2025 Main Examination, Set 4, QP 107)",Original / Retained,SORTED
2-1-1_English Language and Literature.pdf,184_English_Language_and_Literature/2-1-1_English Language and Literature.pdf,Class 10/English (Language and Literature)/2025/Main Examination/Set 1/2025_Main_English_Language_and_Literature_QP2_1_1_Set1.pdf,2025_Main_English_Language_and_Literature_QP2_1_1_Set1.pdf,Class 10,English (Language and Literature),2025,Main Examination,2/1/1,1,HF1EG,19,2906c7e31e1163a3ea5ef25003a5b2b9c0e203c515bf797737651501c2568f99,HIGH,1,2/1/1 Page 1 of 19 # P.T.O. Candidates must write the Q.P. Code on the title page of the answer-book. Series : HF1EG Set –,"Class 10 English (Language and Literature) (2025 Main Examination, Set 1, QP 2/1/1)",Original / Retained,SORTED
2-1-2_English Language and Literature.pdf,184_English_Language_and_Literature/2-1-2_English Language and Literature.pdf,Class 10/English (Language and Literature)/2025/Main Examination/Set 2/2025_Main_English_Language_and_Literature_QP2_1_2_Set2.pdf,2025_Main_English_Language_and_Literature_QP2_1_2_Set2.pdf,Class 10,English (Language and Literature),2025,Main Examination,2/1/2,2,HF1EG,19,2fdce124efaa8762637437f158a4338c151220b7cd31721f2feba675cad7115e,HIGH,1,2/1/2 Page 1 of 19 # P.T.O. Candidates must write the Q.P. Code on the title page of the answer-book. Series : HF1EG Set –,"Class 10 English (Language and Literature) (2025 Main Examination, Set 2, QP 2/1/2)",Original / Retained,SORTED
2-1-3_English Language and Literature.pdf,184_English_Language_and_Literature/2-1-3_English Language and Literature.pdf,Class 10/English (Language and Literature)/2025/Main Examination/Set 3/2025_Main_English_Language_and_Literature_QP2_1_3_Set3.pdf,2025_Main_English_Language_and_Literature_QP2_1_3_Set3.pdf,Class 10,English (Language and Literature),2025,Main Examination,2/1/3,3,HF1EG,19,2d32a463c7cfd253d7287068e6220e751a6d7852e498d945f907337eb6ece877,HIGH,1,2/1/3 Page 1 of 19 # P.T.O. Candidates must write the Q.P. Code on the title page of the answer-book. Series : HF1EG Set –,"Class 10 English (Language and Literature) (2025 Main Examination, Set 3, QP 2/1/3)",Original / Retained,SORTED
2-2-1_English Language and Literature.pdf,184_English_Language_and_Literature/2-2-1_English Language and Literature.pdf,Class 10/English (Language and Literature)/2025/Main Examination/Set 1/2025_Main_English_Language_and_Literature_QP2_2_1_Set1.pdf,2025_Main_English_Language_and_Literature_QP2_2_1_Set1.pdf,Class 10,English (Language and Literature),2025,Main Examination,2/2/1,1,2FEHG,19,966a575412c8a507e3952efca85f6bd23a6ed37a0dc23ae5d78bee50e301fa6c,HIGH,1,2/2/1 Page 1 of 19 # P.T.O. Candidates must write the Q.P. Code on the title page of the answer-book. Series : 2FEHG Set –,"Class 10 English (Language and Literature) (2025 Main Examination, Set 1, QP 2/2/1)",Original / Retained,SORTED
2-2-2_English Language and Literature.pdf,184_English_Language_and_Literature/2-2-2_English Language and Literature.pdf,Class 10/English (Language and Literature)/2025/Main Examination/Set 2/2025_Main_English_Language_and_Literature_QP2_2_2_Set2.pdf,2025_Main_English_Language_and_Literature_QP2_2_2_Set2.pdf,Class 10,English (Language and Literature),2025,Main Examination,2/2/2,2,2FEHG,19,2a2d933a3ce0ce71a14dbf1acb6c1e9e816fc7407f7f19e4d7178312a7a7391b,HIGH,1,2/2/2 Page 1 of 19 # P.T.O. Candidates must write the Q.P. Code on the title page of the answer-book. Series : 2FEHG Set –,"Class 10 English (Language and Literature) (2025 Main Examination, Set 2, QP 2/2/2)",Original / Retained,SORTED
2-2-3_English Language and Literature.pdf,184_English_Language_and_Literature/2-2-3_English Language and Literature.pdf,Class 10/English (Language and Literature)/2025/Main Examination/Set 3/2025_Main_English_Language_and_Literature_QP2_2_3_Set3.pdf,2025_Main_English_Language_and_Literature_QP2_2_3_Set3.pdf,Class 10,English (Language and Literature),2025,Main Examination,2/2/3,3,2FEHG,19,a38be438fcd7db44f06cefb5e3007003f7e5b7e71d87ac4da31c4f07eaa61308,HIGH,1,2/2/3 Page 1 of 19 # P.T.O. Candidates must write the Q.P. Code on the title page of the answer-book. Series : 2FEHG Set –,"Class 10 English (Language and Literature) (2025 Main Examination, Set 3, QP 2/2/3)",Original / Retained,SORTED
2-3-1_English Language and Literature.pdf,184_English_Language_and_Literature/2-3-1_English Language and Literature.pdf,Class 10/English (Language and Literature)/2025/Main Examination/Set 1/2025_Main_English_Language_and_Literature_QP2_3_1_Set1.pdf,2025_Main_English_Language_and_Literature_QP2_3_1_Set1.pdf,Class 10,English (Language and Literature),2025,Main Examination,2/3/1,1,F3HGE,19,4c337f3c29b8ebb90611b959a1f6d13b86907ed1aa260117db00544a4255e078,HIGH,1,2/3/1 Page 1 of 19 # P.T.O. Candidates must write the Q.P. Code on the title page of the answer-book. Series : F3HGE Set –,"Class 10 English (Language and Literature) (2025 Main Examination, Set 1, QP 2/3/1)",Original / Retained,SORTED
2-3-2_English Language and Literature.pdf,184_English_Language_and_Literature/2-3-2_English Language and Literature.pdf,Class 10/English (Language and Literature)/2025/Main Examination/Set 2/2025_Main_English_Language_and_Literature_QP2_3_2_Set2.pdf,2025_Main_English_Language_and_Literature_QP2_3_2_Set2.pdf,Class 10,English (Language and Literature),2025,Main Examination,2/3/2,2,F3HGE,19,3341c71d1e687d4c63864156016c7ab7a7141dae2447bfa644ff2568fd1768e2,HIGH,1,2/3/2 Page 1 of 19 # P.T.O. Candidates must write the Q.P. Code on the title page of the answer-book. Series : F3HGE Set –,"Class 10 English (Language and Literature) (2025 Main Examination, Set 2, QP 2/3/2)",Original / Retained,SORTED
2-3-3_English Language and Literature.pdf,184_English_Language_and_Literature/2-3-3_English Language and Literature.pdf,Class 10/English (Language and Literature)/2025/Main Examination/Set 3/2025_Main_English_Language_and_Literature_QP2_3_3_Set3.pdf,2025_Main_English_Language_and_Literature_QP2_3_3_Set3.pdf,Class 10,English (Language and Literature),2025,Main Examination,2/3/3,3,F3HGE,19,f8d059f75f08caebc8a8f63b2efe03eea83009e67f21555cbf10f3eede20f770,HIGH,1,2/3/3 Page 1 of 19 # P.T.O. Candidates must write the Q.P. Code on the title page of the answer-book. Series : F3HGE Set –,"Class 10 English (Language and Literature) (2025 Main Examination, Set 3, QP 2/3/3)",Original / Retained,SORTED
2-4-1_English Language and Literature.pdf,184_English_Language_and_Literature/2-4-1_English Language and Literature.pdf,Class 10/English (Language and Literature)/2025/Main Examination/Set 1/2025_Main_English_Language_and_Literature_QP2_4_1_Set1.pdf,2025_Main_English_Language_and_Literature_QP2_4_1_Set1.pdf,Class 10,English (Language and Literature),2025,Main Examination,2/4/1,1,4GHEF,16,1f2bef2e90a8cad7ea97da41802f4f1e6695b02e16005180fae7f411e64f4c4e,HIGH,1,Series: 4GHEF Roll No. SET-1 Q.P.Code 2/4/1 Canhidatts aget whie the o. Code ENGLISH (Language and Literature) Time allowed : 3 hours Maхiтum Marks :,"Class 10 English (Language and Literature) (2025 Main Examination, Set 1, QP 2/4/1)",Original / Retained,SORTED
2-4-2_English Language and Literature.pdf,184_English_Language_and_Literature/2-4-2_English Language and Literature.pdf,Class 10/English (Language and Literature)/2025/Main Examination/Set 2/2025_Main_English_Language_and_Literature_QP2_4_2_Set2.pdf,2025_Main_English_Language_and_Literature_QP2_4_2_Set2.pdf,Class 10,English (Language and Literature),2025,Main Examination,2/4/2,2,4GHEF,16,2b096f7aade52f70978f7095a7a5ee09cc2745d5d26ff752f62185a5a5f1d200,HIGH,1,Series: 4GHEF Roll No. SET-2 Q.P.Code 2/4/2 Canhidatts aget whie the o. Code ENGLISH (Language and Literature) Time allowed : 3 hours Maхiтum Marks :,"Class 10 English (Language and Literature) (2025 Main Examination, Set 2, QP 2/4/2)",Original / Retained,SORTED
2-4-3_English Language and Literature.pdf,184_English_Language_and_Literature/2-4-3_English Language and Literature.pdf,Class 10/English (Language and Literature)/2025/Main Examination/Set 3/2025_Main_English_Language_and_Literature_QP2_4_3_Set3.pdf,2025_Main_English_Language_and_Literature_QP2_4_3_Set3.pdf,Class 10,English (Language and Literature),2025,Main Examination,2/4/3,3,4GHEF,16,15c792de0ed05d8ad7fea26a8109b9265e53f093851a26d014ea58a931a13ef0,HIGH,1,Series: 4GHEF Roll No. SET-3 Q.P.Code 2/4/3 Canhidatts aget whie the o. Code ENGLISH (Language and Literature) Time allowed : 3 hours Maхiтum Marks :,"Class 10 English (Language and Literature) (2025 Main Examination, Set 3, QP 2/4/3)",Original / Retained,SORTED
2-5-1_English Language and Literature.pdf,184_English_Language_and_Literature/2-5-1_English Language and Literature.pdf,Class 10/English (Language and Literature)/2025/Main Examination/Set 1/2025_Main_English_Language_and_Literature_QP2_5_1_Set1.pdf,2025_Main_English_Language_and_Literature_QP2_5_1_Set1.pdf,Class 10,English (Language and Literature),2025,Main Examination,2/5/1,1,5FGEH,16,a1aa974c266565794c70e6291316ac11fe9fabe986a1708829b38e525e17b68e,HIGH,1,Series: 5FGEH D: Roll No. SET - 1 Q.P. Code 2/5/1 Candidates must write the Q.P. Code on the title page of the answer-book. ENGLISH,"Class 10 English (Language and Literature) (2025 Main Examination, Set 1, QP 2/5/1)",Original / Retained,SORTED
2-5-2_English Language and Literature.pdf,184_English_Language_and_Literature/2-5-2_English Language and Literature.pdf,Class 10/English (Language and Literature)/2025/Main Examination/Set 2/2025_Main_English_Language_and_Literature_QP2_5_2_Set2.pdf,2025_Main_English_Language_and_Literature_QP2_5_2_Set2.pdf,Class 10,English (Language and Literature),2025,Main Examination,2/5/2,2,5FGEH,16,7e9abfff3054e9a80467a8d9d5e9cd2ea2308875c4ca3dc55d6b424e3c0e5828,HIGH,1,Series: 5FGEH D: ME Roll No. SET - 2 Q.P. Code 2/5/2 Candidates must write the Q.P. Code on the title page of the answer-book.,"Class 10 English (Language and Literature) (2025 Main Examination, Set 2, QP 2/5/2)",Original / Retained,SORTED
2-5-3_English Language and Literature.pdf,184_English_Language_and_Literature/2-5-3_English Language and Literature.pdf,Class 10/English (Language and Literature)/2025/Main Examination/Set 3/2025_Main_English_Language_and_Literature_QP2_5_3_Set3.pdf,2025_Main_English_Language_and_Literature_QP2_5_3_Set3.pdf,Class 10,English (Language and Literature),2025,Main Examination,2/5/3,3,5FGEH,16,aed6d48c9b3c8eee570dc7ec93e86c7fa3136db52d96f8f2d7c002a51a94c64c,HIGH,1,Series: 5FGEH D: Roll No. SET - 3 Q.P. Code 2/5/3 Candidates must write the Q.P. Code on the title page of the answer-book. ENGLISH,"Class 10 English (Language and Literature) (2025 Main Examination, Set 3, QP 2/5/3)",Original / Retained,SORTED
2-6-1_English Language and Literature.pdf,184_English_Language_and_Literature/2-6-1_English Language and Literature.pdf,Class 10/English (Language and Literature)/2025/Main Examination/Set 1/2025_Main_English_Language_and_Literature_QP2_6_1_Set1.pdf,2025_Main_English_Language_and_Literature_QP2_6_1_Set1.pdf,Class 10,English (Language and Literature),2025,Main Examination,2/6/1,1,EFG6H,16,14296b94754eb8889893bf7aaac259435a626801943a0017f1180903ef48623b,HIGH,1,Series: EFG6H Roll No. SET - 1 Q.P.Code E3 2/6/1 Candidates must write the Q.P. Code on the title page of the answer-book. ENGLISH (Language,"Class 10 English (Language and Literature) (2025 Main Examination, Set 1, QP 2/6/1)",Original / Retained,SORTED
2-6-2_English Language and Literature.pdf,184_English_Language_and_Literature/2-6-2_English Language and Literature.pdf,Class 10/English (Language and Literature)/2025/Main Examination/Set 2/2025_Main_English_Language_and_Literature_QP2_6_2_Set2.pdf,2025_Main_English_Language_and_Literature_QP2_6_2_Set2.pdf,Class 10,English (Language and Literature),2025,Main Examination,2/6/2,2,EFG6H,16,9a7baee0d7452bf2746979b64992c27002e1a01e4f94fdf86d8e53a7eafc73ae,HIGH,1,Series: EFG6H D: Roll No. SET - 2 Q.P. Code 2/6/2 Candidates must write the Q.P. Code on the title page of the answer-book. ENGLISH,"Class 10 English (Language and Literature) (2025 Main Examination, Set 2, QP 2/6/2)",Original / Retained,SORTED
2-6-3_English Language and Literature.pdf,184_English_Language_and_Literature/2-6-3_English Language and Literature.pdf,Class 10/English (Language and Literature)/2025/Main Examination/Set 3/2025_Main_English_Language_and_Literature_QP2_6_3_Set3.pdf,2025_Main_English_Language_and_Literature_QP2_6_3_Set3.pdf,Class 10,English (Language and Literature),2025,Main Examination,2/6/3,3,EFG6H,16,dffde6aac16d47912ce52a5eb593ecd3ba21bdd37ecdb991d60e951436fd15be,HIGH,1,Series: EFG6H D: Roll No. SET - 3 Q.P. Code 2/6/3 Candidates must write the Q.P. Code on the title page of the answer-book. ENGLISH,"Class 10 English (Language and Literature) (2025 Main Examination, Set 3, QP 2/6/3)",Original / Retained,SORTED
1_English_Communicative.pdf,1_English_Communicative.pdf,Class 10/English Communicative/2024/Main Examination/Set 4/2024_Main_English_Communicative_QP14_Set4.pdf,2024_Main_English_Communicative_QP14_Set4.pdf,Class 10,English Communicative,2024,Main Examination,14,4,#CDBA,11,dc039f110fc1381789feceec2dccf4bcdab8dc055f1296e9ca54deb4e6bea486,HIGH,1,1-14 1 P.T.O. Candidates must write the Q.P. Code on the title page of the answer-book. Series #CDBA SET-4 Q.P. Code Roll No. NOTE (I),"Class 10 English Communicative (2024 Main Examination, Set 4, QP 14)",Original / Retained,SORTED
1_eng_communicative.pdf,1_eng_communicative.pdf,Class 10/English Communicative/2025/Main Examination/Set 4/2025_Main_English_Communicative_QPSet_Set4.pdf,2025_Main_English_Communicative_QPSet_Set4.pdf,Class 10,English Communicative,2025,Main Examination,Set,4,HF1EG,11,9c95a6468f7d339e0f9688e7ded190c21457deb86437fed766170999db694483,HIGH,1,Series : HF1EG Roll No. Q.P. Code Set - 4 1 Candidates must write the Q.P. Code on the title page of the answer-book. ENGLISH,"Class 10 English Communicative (2025 Main Examination, Set 4, QP Set)",Original / Retained,SORTED
28 -S - English Elective.pdf,28 -S - English Elective.pdf,Class 12/English (Elective)/2024/Supplementary Examination/Set 4/2024_Supplementary_English_Elective_QP28_Set4.pdf,2024_Supplementary_English_Elective_QP28_Set4.pdf,Class 12,English (Elective),2024,Supplementary Examination,28,4,&RQPS/S,19,19adc1e7f1e614d56ad97c59a2912cf02a52bef8fdde2a2c89513ea8bc242d6b,HIGH,1,28/S Page 1 P.T.O. Candidates must write the Q.P. Code on the title page of the answer-book. Series &RQPS/S Q.P. Code Roll No. · Please,"Class 12 English (Elective) (2024 Supplementary Examination, Set 4, QP 28)",Original / Retained,SORTED
28_ENGLISH_Elective.pdf,28_ENGLISH_Elective.pdf,Class 12/English (Elective)/2023/Main Examination/Set 4/2023_Main_English_Elective_QP28_Set4.pdf,2023_Main_English_Elective_QP28_Set4.pdf,Class 12,English (Elective),2023,Main Examination,28,4,FH1EG,15,c06b60c0c7c5e8f41f086fb2dc7ac021fa2094242e59e20049c0ee6e59b79553,HIGH,1,28 H 1 H P.T.O. Candidates must write the Q.P. Code on the title page of the answer-book. Series FH1EG SET~4 Q.P. Code Roll No.,"Class 12 English (Elective) (2023 Main Examination, Set 4, QP 28)",Original / Retained,SORTED
28_English Elective.pdf,28_English Elective.pdf,Class 12/English (Elective)/2022/Main Examination/Set 4/2022_Main_English_Elective_QP28_Set4.pdf,2022_Main_English_Elective_QP28_Set4.pdf,Class 12,English (Elective),2022,Main Examination,28,4,A1BAB,7,620ed783c052ac6720ed157ae34b22895816ae05d33bf2be2716d091d10d301e,HIGH,1,.28 1 P.T.O. Candidates must write the Q.P. Code on the title page of the answer-book. Series A1BAB SET-4 Q.P. Code Roll No. NOTE (I),"Class 12 English (Elective) (2022 Main Examination, Set 4, QP 28)",Original / Retained,SORTED
28_English_Elective 2.pdf,28_English_Elective 2.pdf,Class 12/English (Elective)/2024/Main Examination/Set 4/2024_Main_English_Elective_QP28-1_Set4.pdf,2024_Main_English_Elective_QP28-1_Set4.pdf,Class 12,English (Elective),2024,Main Examination,28-1,4,&RQPS,19,75fb423a056b851da41b9d47b4ad35870cfb69257645978c506e775cdff94185,HIGH,1,28-1 Page 1 P.T.O. Candidates must write the Q.P. Code on the title page of the answer-book. Series &RQPS Q.P. Code Roll No. Please check,"Class 12 English (Elective) (2024 Main Examination, Set 4, QP 28-1)",Original / Retained,SORTED
28_English_Elective copy.pdf,28_English_Elective copy.pdf,Class 12/English (Elective)/2024/Main Examination/Set 4/2024_Main_English_Elective_QP28-1_Set4.pdf,2024_Main_English_Elective_QP28-1_Set4.pdf,Class 12,English (Elective),2024,Main Examination,28-1,4,&RQPS,19,75fb423a056b851da41b9d47b4ad35870cfb69257645978c506e775cdff94185,HIGH,1,28-1 Page 1 P.T.O. Candidates must write the Q.P. Code on the title page of the answer-book. Series &RQPS Q.P. Code Roll No. Please check,"Class 12 English (Elective) (2024 Main Examination, Set 4, QP 28-1)",Duplicate of 28_English_Elective 2.pdf,DELETED_DUPLICATE
326 Information Technology.pdf,326 Information Technology.pdf,Class 12/Information Technology/2022/Compartment Examination/Set 4/2022_Compartment_Information_Technology_QP326_Set4.pdf,2022_Compartment_Information_Technology_QP326_Set4.pdf,Class 12,Information Technology,2022,Compartment Examination,326,4,%BAB%/C,9,a9e157328ab33e44361c2121f35a3edffff80947f3090292808eea8a0de15b3f,HIGH,1,Series %BAB%/C 7a7. Roll No. SET-4 Q.P. Code 326 Candidates must write the Q.P. Code on the title page of the answer-book. у™*q∞*¢»*∞∞*∞**=*∞‡ø…‡ф‡¢»*∞‡ф‡¢…‡ф*ä‡ф‡ф»*¢-®»*ф∞*¢‡∞•*ф•‡ö»*ф*®»**=**•********∞*х * Fë,"Class 12 Information Technology (2022 Compartment Examination, Set 4, QP 326)",Original / Retained,SORTED
326-S Information Technology-S.pdf,326-S Information Technology-S.pdf,Class 10/Information Technology/2024/Supplementary Examination/Set 4/2024_Supplementary_Information_Technology_QP326_Set4.pdf,2024_Supplementary_Information_Technology_QP326_Set4.pdf,Class 10,Information Technology,2024,Supplementary Examination,326,4,&RQPS/S,19,9d820f3377048d09edcb4d322fb8f68eaba6fb99509d72d4c2f57a4d17e71822,HIGH,1,326/S 1 P.T.O. narjmWu àíZ-nÌ H$moS> >H$mo CÎma-nwpñVH$m Ho$ _wI-n¥ð >na Adí` {bIo§ & Candidates must write the Q.P. Code on the title page of,"Class 10 Information Technology (2024 Supplementary Examination, Set 4, QP 326)",Original / Retained,SORTED
326_INFORMATION_TECHNOLOGY.pdf,326_INFORMATION_TECHNOLOGY.pdf,Class 12/Information Technology/2025/Main Examination/Set 4/2025_Main_Information_Technology_QP326_Set4.pdf,2025_Main_Information_Technology_QP326_Set4.pdf,Class 12,Information Technology,2025,Main Examination,326,4,4YWZX,19,5e300a9d2103556ebd7d68f0d882e4791cbee2fd904e767a2c08eb2f6194c6e9,HIGH,1,326 Page 1 of 19 # P.T.O. - - - Candidates must write the Q.P. Code on the title page of the answer-book. Series :,"Class 12 Information Technology (2025 Main Examination, Set 4, QP 326)",Original / Retained,SORTED
326_Information Technology.pdf,326_Information Technology.pdf,Class 12/Information Technology/2022/Main Examination/Set 4/2022_Main_Information_Technology_QP326_Set4.pdf,2022_Main_Information_Technology_QP326_Set4.pdf,Class 12,Information Technology,2022,Main Examination,326,4,%BAB%,11,33f5b6e527d58b8faad8e9e97dc558a386e95814a63dc4ca961fd8b9700f8e9c,HIGH,1,326 Page 1 P.T.O. narjmWu àíZ-nÌ H$moS> H$mo CÎma-nwpñVH$m Ho$ _wI-n¥ð >na Adí` {bIo§ & Candidates must write the Q.P. Code on the title page,"Class 12 Information Technology (2022 Main Examination, Set 4, QP 326)",Original / Retained,SORTED
326_Information_Technology 2.pdf,326_Information_Technology 2.pdf,Class 12/Information Technology/2023/Main Examination/Set 4/2023_Main_Information_Technology_QPSet-4_Set4.pdf,2023_Main_Information_Technology_QPSet-4_Set4.pdf,Class 12,Information Technology,2023,Main Examination,Set-4,4,eFGHE,24,59dbfc70005502cb419cf7e630ba50c551b7d0b82314abaf9a813f3abee323f3,HIGH,1,Series eFGHE Q.P. Code Set-4 326 tM7. Roll No. Candidates must write the Q.P. Code on the title page of the answer-book. INFORMATION TECHNOLOGY Time,"Class 12 Information Technology (2023 Main Examination, Set 4, QP Set-4)",Original / Retained,SORTED
326_Information_Technology copy.pdf,326_Information_Technology copy.pdf,Class 12/Information Technology/2024/Main Examination/Set 4/2024_Main_Information_Technology_QP11-326_Set4.pdf,2024_Main_Information_Technology_QP11-326_Set4.pdf,Class 12,Information Technology,2024,Main Examination,11-326,4,&RQPS,19,86268c727685502a98a3d437950a307049093cf2ac2c7c3abece3468f78b9060,HIGH,1,11-326 1 P.T.O. narjmWu àíZ-nÌ H$moS> >H$mo CÎma-nwpñVH$m Ho$ _wI-n¥ð >na Adí` {bIo§ & Candidates must write the Q.P. Code on the title page of,"Class 12 Information Technology (2024 Main Examination, Set 4, QP 11-326)",Original / Retained,SORTED
327 Web Applications 2.pdf,327 Web Applications 2.pdf,Class 12/Web Applications/2022/Main Examination/Set 4/2022_Main_Web_Applications_QP327_Set4.pdf,2022_Main_Web_Applications_QP327_Set4.pdf,Class 12,Web Applications,2022,Main Examination,327,4,%BAB%,4,63fdf6d387e1ac22d77ec3eb2d040e6b9432bb4bf35cd3d361b3890087a1dd37,HIGH,1,327 Page 1 P.T.O. Candidates must write the Q.P. Code on the title page of the answer-book. Series %BAB% Q.P. Code Roll No. Please check,"Class 12 Web Applications (2022 Main Examination, Set 4, QP 327)",Original / Retained,SORTED
327 Web Applications.pdf,327 Web Applications.pdf,Class 12/Web Applications/2022/Compartment Examination/Set 4/2022_Compartment_Web_Applications_QP327_Set4.pdf,2022_Compartment_Web_Applications_QP327_Set4.pdf,Class 12,Web Applications,2022,Compartment Examination,327,4,%BAB%/C,5,59dc038a9170dea28f40ed13eef5db11f929f694b4e59ffaa2707ed6602898fe,HIGH,1,Series %BAB%/C Roll No. SET-4 Q.P.Code 327 Candidates must write the Q.P. Code on the title page of the answer-book. • Please check that this,"Class 12 Web Applications (2022 Compartment Examination, Set 4, QP 327)",Original / Retained,SORTED
327-S WEB APPLICATIONS .pdf,327-S WEB APPLICATIONS .pdf,Class 12/Web Applications/2024/Supplementary Examination/Set 4/2024_Supplementary_Web_Applications_QP327_Set4.pdf,2024_Supplementary_Web_Applications_QP327_Set4.pdf,Class 12,Web Applications,2024,Supplementary Examination,327,4,&RQPS/S,11,7fa0de35911c5d1dd92445a7f979870b25b4789e99eaee215730a20f25f53197,HIGH,1,327/S Page 1 P.T.O. Candidates must write the Q.P. Code on the title page of the answer-book. Series &RQPS/S Q.P. Code Roll No. · Please,"Class 12 Web Applications (2024 Supplementary Examination, Set 4, QP 327)",Original / Retained,SORTED
327_WEB_APPLICATIONS .pdf,327_WEB_APPLICATIONS .pdf,Class 12/Web Applications/2024/Main Examination/Set 4/2024_Main_Web_Applications_QP327-1_Set4.pdf,2024_Main_Web_Applications_QP327-1_Set4.pdf,Class 12,Web Applications,2024,Main Examination,327-1,4,&RQPS,11,e9f93bbb3354c6d0ec3f4c9154ec3b105bc240dc2f1d94abc3b605eb5aa7f36b,HIGH,1,327-1 Page 1 P.T.O. Candidates must write the Q.P. Code on the title page of the answer-book. Series &RQPS Q.P. Code Roll No. · Please,"Class 12 Web Applications (2024 Main Examination, Set 4, QP 327-1)",Original / Retained,SORTED
327_WEB_APPLICATIONS_final.pdf,327_WEB_APPLICATIONS_final.pdf,Class 12/Web Applications/2025/Main Examination/Set 4/2025_Main_Web_Applications_QP327_Set4.pdf,2025_Main_Web_Applications_QP327_Set4.pdf,Class 12,Web Applications,2025,Main Examination,327,4,X4YZW,24,03e3866a1fdf49d4cef653f28cffad916fb4fed962e4db6e3df6264c4c09f117,HIGH,1,# 327 Page 1 of 24 P.T.O. - - - Candidates must write the Q.P. Code on the title page of the answer-book. Series :,"Class 12 Web Applications (2025 Main Examination, Set 4, QP 327)",Original / Retained,SORTED
327_Web_Applications.pdf,327_Web_Applications.pdf,Class 12/Web Applications/2023/Main Examination/Set 4/2023_Main_Web_Applications_QP327_Set4.pdf,2023_Main_Web_Applications_QP327_Set4.pdf,Class 12,Web Applications,2023,Main Examination,327,4,FGHE,7,6ef66615a6bc482cd6eddd5eed4f2ae32d65275cc12675b11d1e5f0b018ea885,HIGH,1,327 Page 1 of 7 P.T.O. Series FGHE Set-4 Q.P. Code Roll No. WEB APPLICATIONS Time allowed : 3 hours Maximum Marks : 60 Please,"Class 12 Web Applications (2023 Main Examination, Set 4, QP 327)",Original / Retained,SORTED
341-S Typography & Computer.pdf,341-S Typography & Computer.pdf,Class 12/Typography and Computer Applications/2024/Supplementary Examination/Set 4/2024_Supplementary_Typography_and_Computer_Applications_QP341_Set4.pdf,2024_Supplementary_Typography_and_Computer_Applications_QP341_Set4.pdf,Class 12,Typography and Computer Applications,2024,Supplementary Examination,341,4,&RQPS/S,11,d486e3c47ded393b3e6638876ba7cde74f2c527738e27e781801ba640607d2f2,HIGH,1,341/S Page 1 P.T.O. narjmWu àíZ-nÌ H$moS> >H$mo CÎma-nwpñVH$m Ho$ _wI-n¥ð >na Adí` {bIo§ & Candidates must write the Q.P. Code on the title page,"Class 12 Typography and Computer Applications (2024 Supplementary Examination, Set 4, QP 341)",Original / Retained,SORTED
341_Typography and Computer Applications (New).pdf,341_Typography and Computer Applications (New).pdf,Class 12/Typography and Computer Applications/2022/Main Examination/Set 4/2022_Main_Typography_and_Computer_Applications_QP341_Set4.pdf,2022_Main_Typography_and_Computer_Applications_QP341_Set4.pdf,Class 12,Typography and Computer Applications,2022,Main Examination,341,4,,7,84263fa3b98e6858b9155cc5b34d69f9b769d983ec4e14b54bfd924fd9f15ee1,HIGH,1,341 Page 1 P.T.O. narjmWu àíZ-nÌ H$moS> H$mo CÎma-nwpñVH$m Ho$ _wI-n¥ð >na Adí` {bIo§ & Candidates must write the Q.P. Code on the title page,"Class 12 Typography and Computer Applications (2022 Main Examination, Set 4, QP 341)",Original / Retained,SORTED
341_Typography_Comp_Applications.pdf,341_Typography_Comp_Applications.pdf,Class 12/Typography and Computer Applications/2024/Main Examination/Set 4/2024_Main_Typography_and_Computer_Applications_QP341_Set4.pdf,2024_Main_Typography_and_Computer_Applications_QP341_Set4.pdf,Class 12,Typography and Computer Applications,2024,Main Examination,341,4,&RQPS,15,d2d46a4c422fc0d9f59a4dbe9a8a671d7410ec87fb478807400e54b78d17bf2f,HIGH,1,1-341 Page 1 P.T.O. narjmWu àíZ-nÌ H$moS> >H$mo CÎma-nwpñVH$m Ho$ _wI-n¥ð >na Adí` {bIo§ & Candidates must write the Q.P. Code on the title page,"Class 12 Typography and Computer Applications (2024 Main Examination, Set 4, QP 341)",Original / Retained,SORTED
341_Typography_Computer_Applications 2.pdf,341_Typography_Computer_Applications 2.pdf,Class 12/Typography and Computer Applications/2023/Main Examination/Set 4/2023_Main_Typography_and_Computer_Applications_QP341_Set4.pdf,2023_Main_Typography_and_Computer_Applications_QP341_Set4.pdf,Class 12,Typography and Computer Applications,2023,Main Examination,341,4,HEFG,11,4aa8253f9bf911bf0b9349b12da5bb922ce7bb2ebe4c10b6939250589482f158,HIGH,1,341 Page 1 of 11 P.T.O. Series HEFG Set-4 àíZ-nÌ H$moS> Q.P. Code amob Z§. Roll No. Q>mBnmoJ«m\$s VWm H$åß`yQ>a AZwà`moJ TYPOGRAPHY AND COMPUTER APPLICATIONS,"Class 12 Typography and Computer Applications (2023 Main Examination, Set 4, QP 341)",Original / Retained,SORTED
341_Typography_Computer_Applications.pdf,341_Typography_Computer_Applications.pdf,Class 12/Typography and Computer Applications/2025/Main Examination/Set 4/2025_Main_Typography_and_Computer_Applications_QP341_Set4.pdf,2025_Main_Typography_and_Computer_Applications_QP341_Set4.pdf,Class 12,Typography and Computer Applications,2025,Main Examination,341,4,YWXZ4,15,83f0bfe4df6e03c1ca6c61b74b1b20b522053fa6137c891899611f4a122d225d,HIGH,1,*341* 1 # [ P.T.O. ] *SNOITACILPPA RETUPMOC DNA YHPARGOPYT* परीक्षार्थी प्रश् न-पत्र कोड को उत्तर-पुस्तिका के मुख-पृष्ठ पर अवश्य स्िखें । Candidates must write,"Class 12 Typography and Computer Applications (2025 Main Examination, Set 4, QP 341)",Original / Retained,SORTED
343 Electrical Technology.pdf,343 Electrical Technology.pdf,Class 12/Electrical Technology/2022/Compartment Examination/Set 4/2022_Compartment_Electrical_Technology_QP343_Set4.pdf,2022_Compartment_Electrical_Technology_QP343_Set4.pdf,Class 12,Electrical Technology,2022,Compartment Examination,343,4,%BAB%/C,7,5bfdf47ded6129a9bb66fb31cf1f09a426b280f10d7d345989fbcf13dbd9ac0d,HIGH,1,Series %BAB%/C 7a7. Roll No. SET-4 Q.P. Code 343 Candidates must write the Q.P. Code on the title page of the answer-book. у™**∞*¢»*∞∞‡∞**=*∞‡х…‡ф‡ü»*∞*ф«‡й‡ø*ä‡ф‡ф»*¢-®»*ф∞*¢‡∞•*ф•‡*»*ф**~**=**•**********х faa ı,"Class 12 Electrical Technology (2022 Compartment Examination, Set 4, QP 343)",Original / Retained,SORTED
343-S Electical Technology.pdf,343-S Electical Technology.pdf,Class 12/Electrical Technology/2024/Supplementary Examination/Set 4/2024_Supplementary_Electrical_Technology_QP343_Set4.pdf,2024_Supplementary_Electrical_Technology_QP343_Set4.pdf,Class 12,Electrical Technology,2024,Supplementary Examination,343,4,&RQPS/S,15,6fe1d31b0dd9c7088d678d52e2db0919ee69995f7955065b1f7265144061cec1,HIGH,1,343/S 1 P.T.O. narjmWu àíZ-nÌ H$moS> >H$mo CÎma-nwpñVH$m Ho$ _wI-n¥ð >na Adí` {bIo§ & Candidates must write the Q.P. Code on the title page of,"Class 12 Electrical Technology (2024 Supplementary Examination, Set 4, QP 343)",Original / Retained,SORTED
343_Electical_Technology.pdf,343_Electical_Technology.pdf,Class 12/Electrical Technology/2024/Main Examination/Set 4/2024_Main_Electrical_Technology_QP11-343_Set4.pdf,2024_Main_Electrical_Technology_QP11-343_Set4.pdf,Class 12,Electrical Technology,2024,Main Examination,11-343,4,&RQPS,15,6dfd82d13a7c324fe83a09f217e3a734c408bfbf7c06a58da77c027dd8098ff2,HIGH,1,11-343 1 P.T.O. narjmWu àíZ-nÌ H$moS> >H$mo CÎma-nwpñVH$m Ho$ _wI-n¥ð >na Adí` {bIo§ & Candidates must write the Q.P. Code on the title page of,"Class 12 Electrical Technology (2024 Main Examination, Set 4, QP 11-343)",Original / Retained,SORTED
343_Electrical Technology copy.pdf,343_Electrical Technology copy.pdf,Class 12/Electrical Technology/2022/Main Examination/Set 4/2022_Main_Electrical_Technology_QP343_Set4.pdf,2022_Main_Electrical_Technology_QP343_Set4.pdf,Class 12,Electrical Technology,2022,Main Examination,343,4,%BAB%,7,a21169ca74e5ba1881b6bd23acd4ea8ca59ace6c0f6f4bc4d503045e50f5f053,HIGH,1,343 Page 1 P.T.O. narjmWu àíZ-nÌ H$moS> H$mo CÎma-nwpñVH$m Ho$ _wI-n¥ð >na Adí` {bIo§ & Candidates must write the Q.P. Code on the title page,"Class 12 Electrical Technology (2022 Main Examination, Set 4, QP 343)",Duplicate of 343_Electrical Technology.pdf,DELETED_DUPLICATE
343_Electrical Technology.pdf,343_Electrical Technology.pdf,Class 12/Electrical Technology/2022/Main Examination/Set 4/2022_Main_Electrical_Technology_QP343_Set4.pdf,2022_Main_Electrical_Technology_QP343_Set4.pdf,Class 12,Electrical Technology,2022,Main Examination,343,4,%BAB%,7,a21169ca74e5ba1881b6bd23acd4ea8ca59ace6c0f6f4bc4d503045e50f5f053,HIGH,1,343 Page 1 P.T.O. narjmWu àíZ-nÌ H$moS> H$mo CÎma-nwpñVH$m Ho$ _wI-n¥ð >na Adí` {bIo§ & Candidates must write the Q.P. Code on the title page,"Class 12 Electrical Technology (2022 Main Examination, Set 4, QP 343)",Original / Retained,SORTED
343_Electrical_Technology 2.pdf,343_Electrical_Technology 2.pdf,Class 12/Electrical Technology/2023/Main Examination/Set 4/2023_Main_Electrical_Technology_QP343_Set4.pdf,2023_Main_Electrical_Technology_QP343_Set4.pdf,Class 12,Electrical Technology,2023,Main Examination,343,4,HEFG,15,9d9b203c914ce77ddd68825795a8ad54dc212a82a9e971b80f155d4c00bbdc6b,HIGH,1,343 Page 1 of 15 P.T.O. Series HEFG Set-4 àíZ-nÌ H$moS> Q.P. Code amob Z§. Roll No. {dÚwV àm¡Úmo{JH$s ELECTRICAL TECHNOLOGY : 3 : 60,"Class 12 Electrical Technology (2023 Main Examination, Set 4, QP 343)",Original / Retained,SORTED
343_Electrical_Technology.pdf,343_Electrical_Technology.pdf,Class 12/Electrical Technology/2025/Main Examination/Set 4/2025_Main_Electrical_Technology_QP343_Set4.pdf,2025_Main_Electrical_Technology_QP343_Set4.pdf,Class 12,Electrical Technology,2025,Main Examination,343,4,YXWZ4,15,56ee9a7032df221c7c71edeeea576f3117da4d52eee16f031760417d6369682e,HIGH,1,343 1 P.T.O. # परीक्षार्थी प्रश् न-पत्र कोड को उत्तर-पुस्तिका के मुख-पृष्ठ पर अवश्य स्िखें । Candidates must write the Q.P. Code on the title,"Class 12 Electrical Technology (2025 Main Examination, Set 4, QP 343)",Original / Retained,SORTED
344 Electronics Technology 2.pdf,344 Electronics Technology 2.pdf,Class 12/Electronics Technology/2022/Main Examination/Set 4/2022_Main_Electronics_Technology_QP344_Set4.pdf,2022_Main_Electronics_Technology_QP344_Set4.pdf,Class 12,Electronics Technology,2022,Main Examination,344,4,%BAB%,7,b36e15bce2e549dcf4c866125a2d9697eafbfd928205f4bb77df94cef5f32ef8,HIGH,1,344 Page 1 P.T.O. narjmWu àíZ-nÌ H$moS> H$mo CÎma-nwpñVH$m Ho$ _wI-n¥ð >na Adí` {bIo§ & Candidates must write the Q.P. Code on the title page,"Class 12 Electronics Technology (2022 Main Examination, Set 4, QP 344)",Duplicate of 344 Electronics Technology.pdf,DELETED_DUPLICATE
344 Electronics Technology copy.pdf,344 Electronics Technology copy.pdf,Class 12/Electronics Technology/2022/Main Examination/Set 4/2022_Main_Electronics_Technology_QP344_Set4.pdf,2022_Main_Electronics_Technology_QP344_Set4.pdf,Class 12,Electronics Technology,2022,Main Examination,344,4,%BAB%,7,b36e15bce2e549dcf4c866125a2d9697eafbfd928205f4bb77df94cef5f32ef8,HIGH,1,344 Page 1 P.T.O. narjmWu àíZ-nÌ H$moS> H$mo CÎma-nwpñVH$m Ho$ _wI-n¥ð >na Adí` {bIo§ & Candidates must write the Q.P. Code on the title page,"Class 12 Electronics Technology (2022 Main Examination, Set 4, QP 344)",Duplicate of 344 Electronics Technology.pdf,DELETED_DUPLICATE
344 Electronics Technology.pdf,344 Electronics Technology.pdf,Class 12/Electronics Technology/2022/Main Examination/Set 4/2022_Main_Electronics_Technology_QP344_Set4.pdf,2022_Main_Electronics_Technology_QP344_Set4.pdf,Class 12,Electronics Technology,2022,Main Examination,344,4,%BAB%,7,b36e15bce2e549dcf4c866125a2d9697eafbfd928205f4bb77df94cef5f32ef8,HIGH,1,344 Page 1 P.T.O. narjmWu àíZ-nÌ H$moS> H$mo CÎma-nwpñVH$m Ho$ _wI-n¥ð >na Adí` {bIo§ & Candidates must write the Q.P. Code on the title page,"Class 12 Electronics Technology (2022 Main Examination, Set 4, QP 344)",Original / Retained,SORTED
344-S Electrocics Technology.pdf,344-S Electrocics Technology.pdf,Class 12/Electronics Technology/2024/Supplementary Examination/Set 4/2024_Supplementary_Electronics_Technology_QP344_Set4.pdf,2024_Supplementary_Electronics_Technology_QP344_Set4.pdf,Class 12,Electronics Technology,2024,Supplementary Examination,344,4,&RQPS/S,15,02dbad59343c54ab37bee5aa88a24bac859053ad2c3fa8701b90fdba5754ca64,HIGH,1,344/S Page 1 P.T.O. narjmWu àíZ-nÌ H$moS> H$mo CÎma-nwpñVH$m Ho$ _wI-n¥ð >na Adí` {bIo§ & Candidates must write the Q.P. Code on the title page,"Class 12 Electronics Technology (2024 Supplementary Examination, Set 4, QP 344)",Original / Retained,SORTED
344_Electronics_Technology 2.pdf,344_Electronics_Technology 2.pdf,Class 12/Electronics Technology/2023/Main Examination/Set 4/2023_Main_Electronics_Technology_QP344_Set4.pdf,2023_Main_Electronics_Technology_QP344_Set4.pdf,Class 12,Electronics Technology,2023,Main Examination,344,4,HEFG,11,1fd93cbe1078bc01585197b846745da46553a2436369797ecc1abeab34b261ec,HIGH,1,344 Page 1 of 11 P.T.O. Series HEFG Set-4 àíZ-nÌ H$moS> Q.P. Code amob Z§. Roll No. ELECTRONICS TECHNOLOGY : 3 : 60 Time allowed,"Class 12 Electronics Technology (2023 Main Examination, Set 4, QP 344)",Original / Retained,SORTED
344_Electronics_Technology copy.pdf,344_Electronics_Technology copy.pdf,Class 12/Electronics Technology/2024/Main Examination/Set 4/2024_Main_Electronics_Technology_QP344_Set4.pdf,2024_Main_Electronics_Technology_QP344_Set4.pdf,Class 12,Electronics Technology,2024,Main Examination,344,4,&RQPS,15,b219188c1d3e58b8e977e2b4ba6e56a3b5d9dcfd1ec8a2798c17217bbadf7cce,HIGH,1,1-344 Page 1 P.T.O. narjmWu àíZ-nÌ H$moS> H$mo CÎma-nwpñVH$m Ho$ _wI-n¥ð >na Adí` {bIo§ & Candidates must write the Q.P. Code on the title page,"Class 12 Electronics Technology (2024 Main Examination, Set 4, QP 344)",Original / Retained,SORTED
344_Electronics_Technology.pdf,344_Electronics_Technology.pdf,Class 12/Electronics Technology/2025/Main Examination/Set 4/2025_Main_Electronics_Technology_QP344_Set4.pdf,2025_Main_Electronics_Technology_QP344_Set4.pdf,Class 12,Electronics Technology,2025,Main Examination,344,4,ZXW4Y,15,9df9d9ed2b1465e44ba5d00c497784b1958b8473e66f50ead72804eeaf230197,HIGH,1,344 Page 1 of 15 P.T.O.  # परीक्षार्थी प्रश् न-पत्र कोड को उत्तर-पुस्तिका के मुख-पृष्ठ पर अवश्य स्िखें । Candidates must write the Q.P.,"Class 12 Electronics Technology (2025 Main Examination, Set 4, QP 344)",Original / Retained,SORTED
349 Shorthand English.pdf,349 Shorthand English.pdf,Class 12/Shorthand (English)/2022/Compartment Examination/Set 4/2022_Compartment_Shorthand_English_QP349_Set4.pdf,2022_Compartment_Shorthand_English_QP349_Set4.pdf,Class 12,Shorthand (English),2022,Compartment Examination,349,4,%BAB%/C,4,2a5c5a965966f20b5a6ee9d6a0cb9d8f8716641153272d240a011ae67900350d,HIGH,1,BE Series %BAB%/C Roll No. SET-4 Q.P.Code 349 Candidates must write the Q.P. Code on the title page of the answer-book. • Please check that,"Class 12 Shorthand (English) (2022 Compartment Examination, Set 4, QP 349)",Original / Retained,SORTED
349-S SHORTHAND (ENGLISH).pdf,349-S SHORTHAND (ENGLISH).pdf,Class 12/Shorthand (English)/2024/Supplementary Examination/Set 4/2024_Supplementary_Shorthand_English_QP349_Set4.pdf,2024_Supplementary_Shorthand_English_QP349_Set4.pdf,Class 12,Shorthand (English),2024,Supplementary Examination,349,4,&RQPS/S,7,a875214ed4831988cf8604d79239eaf4648e54aada9198c27ced58826be86412,HIGH,1,349/S Page 1 P.T.O. Candidates must write the Q.P. Code on the title page of the answer-book. Series &RQPS/S > Q.P. Code Roll No. ·,"Class 12 Shorthand (English) (2024 Supplementary Examination, Set 4, QP 349)",Original / Retained,SORTED
349_Shorthand_English.pdf,349_Shorthand_English.pdf,Class 12/Shorthand (English)/2023/Main Examination/Set 4/2023_Main_Shorthand_English_QP349_Set4.pdf,2023_Main_Shorthand_English_QP349_Set4.pdf,Class 12,Shorthand (English),2023,Main Examination,349,4,HEFG,7,c6f5f6341ab7109e4e508c3490ba3c6be2ba7bf29179aa16b2eb1ce19f05d96a,HIGH,1,349 Page 1 of 7 P.T.O. Series HEFG Set-4 Q.P. Code Roll No. SHORTHAND (ENGLISH) (Theory) Time allowed : 3 hours Maximum Marks : 60,"Class 12 Shorthand (English) (2023 Main Examination, Set 4, QP 349)",Original / Retained,SORTED
367 Artificial Intelligence.pdf,367 Artificial Intelligence.pdf,Class 12/Artificial Intelligence/2022/Compartment Examination/Set 4/2022_Compartment_Artificial_Intelligence_QP367_Set4.pdf,2022_Compartment_Artificial_Intelligence_QP367_Set4.pdf,Class 12,Artificial Intelligence,2022,Compartment Examination,367,4,EABA€/C,5,90eeef6c567feb21582ee5d9906864de9043927acd03c9a5705e55819543aee8,HIGH,1,Series EABA€/C SET-4 Q.P. Code 367 Roll No. Candidates must write the Q.P. Code on Ithe title page of the answer-book. • Please check that,"Class 12 Artificial Intelligence (2022 Compartment Examination, Set 4, QP 367)",Original / Retained,SORTED
367_ARTIFICIAL_INTELLIGENCE 2.pdf,367_ARTIFICIAL_INTELLIGENCE 2.pdf,Class 12/Artificial Intelligence/2023/Main Examination/Set 4/2023_Main_Artificial_Intelligence_QPSet-4_Set4.pdf,2023_Main_Artificial_Intelligence_QPSet-4_Set4.pdf,Class 12,Artificial Intelligence,2023,Main Examination,Set-4,4,ZHEFG,12,661c9b9b82319bb28c3eb22716d20941787d93f93b97b8136075787e59814b04,HIGH,1,E Series ZHEFG Q.P. Code Set-4 367 DO Roll No. Candidates must write the Q.P. Code on the title page of the answer-book. ARTIFICIAL INTELLIGENCE,"Class 12 Artificial Intelligence (2023 Main Examination, Set 4, QP Set-4)",Original / Retained,SORTED
367_Artificial Intelligence 2.pdf,367_Artificial Intelligence 2.pdf,Class 12/Artificial Intelligence/2022/Main Examination/Set 4/2022_Main_Artificial_Intelligence_QP367_Set4.pdf,2022_Main_Artificial_Intelligence_QP367_Set4.pdf,Class 12,Artificial Intelligence,2022,Main Examination,367,4,€ABA€,8,04bbd5702a78eb6e1833dd0ed45ca67b8926f285b1b1c70aaf2ba0851cf22c3a,HIGH,1,Series: €ABA€ SET-4 Q.P. Code 367 2м7. Roll No. 'andidates must write the Q.P. Cod n the title page of the answer-bool Please check that,"Class 12 Artificial Intelligence (2022 Main Examination, Set 4, QP 367)",Duplicate of 367_Artificial Intelligence.pdf,DELETED_DUPLICATE
367_Artificial Intelligence.pdf,367_Artificial Intelligence.pdf,Class 12/Artificial Intelligence/2022/Main Examination/Set 4/2022_Main_Artificial_Intelligence_QP367_Set4.pdf,2022_Main_Artificial_Intelligence_QP367_Set4.pdf,Class 12,Artificial Intelligence,2022,Main Examination,367,4,€ABA€,8,04bbd5702a78eb6e1833dd0ed45ca67b8926f285b1b1c70aaf2ba0851cf22c3a,HIGH,1,Series: €ABA€ SET-4 Q.P. Code 367 2м7. Roll No. 'andidates must write the Q.P. Cod n the title page of the answer-bool Please check that,"Class 12 Artificial Intelligence (2022 Main Examination, Set 4, QP 367)",Original / Retained,SORTED
367_Artificial_Intelligence 3.pdf,367_Artificial_Intelligence 3.pdf,Class 12/Artificial Intelligence/2024/Main Examination/Set 4/2024_Main_Artificial_Intelligence_QP367_Set4.pdf,2024_Main_Artificial_Intelligence_QP367_Set4.pdf,Class 12,Artificial Intelligence,2024,Main Examination,367,4,&RQPS,12,0b39fed3b8527dc2f3a9a5b5b0a4e41958a5dd2c5ece07ff2f0b97566671bb2d,HIGH,1,ONO Series &RQPS SET-4 2.P. Code 367 tM7. Roll No. 'andidates must write the Q.P. Cod n the title page of the answer-book • Please,"Class 12 Artificial Intelligence (2024 Main Examination, Set 4, QP 367)",Original / Retained,SORTED
367_Artificial_Intelligence.pdf,367_Artificial_Intelligence.pdf,Class 12/Artificial Intelligence/2025/Main Examination/Set 4/2025_Main_Artificial_Intelligence_QP367_Set4.pdf,2025_Main_Artificial_Intelligence_QP367_Set4.pdf,Class 12,Artificial Intelligence,2025,Main Examination,367,4,YWXZ4,24,e05c8780d42f7c21394899305a238f358bfe316c03d4ff97bb6f2236e3df0b06,HIGH,1,Series : YWXZ4 SET ~ 4 Q.P. Code 367 tr7. Roll No. (1) (II) 423€1 fae ! (IV) (V) Candidates must write the Q.P. Code,"Class 12 Artificial Intelligence (2025 Main Examination, Set 4, QP 367)",Original / Retained,SORTED
368-S Data science copy.pdf,368-S Data science copy.pdf,Class 12/Data Science/2024/Supplementary Examination/Set 4/2024_Supplementary_Data_Science_QP368_Set4.pdf,2024_Supplementary_Data_Science_QP368_Set4.pdf,Class 12,Data Science,2024,Supplementary Examination,368,4,&RQPS/S,11,054a5da65b505a99f53d5d65b388d9fbd96de6c068bd2ce3a8bd7bdf890c3213,HIGH,1,368/S Page 1 P.T.O. Candidates must write the Q.P. Code on the title page of the answer-book. Series &RQPS/S > Q.P. Code Roll No. ·,"Class 12 Data Science (2024 Supplementary Examination, Set 4, QP 368)",Duplicate of 368-S Data science.pdf,DELETED_DUPLICATE
368-S Data science.pdf,368-S Data science.pdf,Class 12/Data Science/2024/Supplementary Examination/Set 4/2024_Supplementary_Data_Science_QP368_Set4.pdf,2024_Supplementary_Data_Science_QP368_Set4.pdf,Class 12,Data Science,2024,Supplementary Examination,368,4,&RQPS/S,11,054a5da65b505a99f53d5d65b388d9fbd96de6c068bd2ce3a8bd7bdf890c3213,HIGH,1,368/S Page 1 P.T.O. Candidates must write the Q.P. Code on the title page of the answer-book. Series &RQPS/S > Q.P. Code Roll No. ·,"Class 12 Data Science (2024 Supplementary Examination, Set 4, QP 368)",Original / Retained,SORTED
368_DATA_SCIENCE 2.pdf,368_DATA_SCIENCE 2.pdf,Class 12/Data Science/2023/Main Examination/Set 4/2023_Main_Data_Science_QP368_Set4.pdf,2023_Main_Data_Science_QP368_Set4.pdf,Class 12,Data Science,2023,Main Examination,368,4,FGHE,11,e09e55a595cec65f21b0d53a47a4074eb1c7c84b1c286c92e4fcc6fe7be0dee5,HIGH,1,368 Page 1 of 11 P.T.O. Series FGHE Set-4 Q.P. Code Roll No. DATA SCIENCE Time allowed : 2 hours Maximum Marks : 50 Please,"Class 12 Data Science (2023 Main Examination, Set 4, QP 368)",Original / Retained,SORTED
368_Data _cience 2.pdf,368_Data _cience 2.pdf,Class 12/Data Science/2024/Main Examination/Set 4/2024_Main_Data_Science_QP368_Set4.pdf,2024_Main_Data_Science_QP368_Set4.pdf,Class 12,Data Science,2024,Main Examination,368,4,&RQPS,12,d8e9d2ff9a9874724e6720df8efb3b65f5c8b0b0660fbd46a8e493f6b459c66e,HIGH,1,939 Series &RQPS Roll No. SET-4 Q.P. Code 368 Candidates must write the Q.P. Code on the title page of the answer-book. Please check that,"Class 12 Data Science (2024 Main Examination, Set 4, QP 368)",Duplicate of 368_Data _cience.pdf,DELETED_DUPLICATE
368_Data _cience.pdf,368_Data _cience.pdf,Class 12/Data Science/2024/Main Examination/Set 4/2024_Main_Data_Science_QP368_Set4.pdf,2024_Main_Data_Science_QP368_Set4.pdf,Class 12,Data Science,2024,Main Examination,368,4,&RQPS,12,d8e9d2ff9a9874724e6720df8efb3b65f5c8b0b0660fbd46a8e493f6b459c66e,HIGH,1,939 Series &RQPS Roll No. SET-4 Q.P. Code 368 Candidates must write the Q.P. Code on the title page of the answer-book. Please check that,"Class 12 Data Science (2024 Main Examination, Set 4, QP 368)",Original / Retained,SORTED
368_Data_Science.pdf,368_Data_Science.pdf,Class 12/Data Science/2025/Main Examination/Set 4/2025_Main_Data_Science_QP368_Set4.pdf,2025_Main_Data_Science_QP368_Set4.pdf,Class 12,Data Science,2025,Main Examination,368,4,4YWZX,24,4df33e1f62385dea91070de326a7c20002b46703f20a5671cca0c89806cba0bd,HIGH,1,368 Page 1 of 24 P.T.O. Series : 4YWZX SET – 4  . Roll No. -  Q.P. Code 368  -  ,"Class 12 Data Science (2025 Main Examination, Set 4, QP 368)",Original / Retained,SORTED
371-S Electronics and Hardware.pdf,371-S Electronics and Hardware.pdf,Class 12/Electronics and Hardware/2024/Supplementary Examination/Set 4/2024_Supplementary_Electronics_and_Hardware_QP371_Set4.pdf,2024_Supplementary_Electronics_and_Hardware_QP371_Set4.pdf,Class 12,Electronics and Hardware,2024,Supplementary Examination,371,4,&RQPS/S,19,1edbe13206dd6e6b15cc9e93e65078d0ef868b22b53a19e0d95bc9f6d2d56502,HIGH,1,371/S Page 1 P.T.O. narjmWu àíZ-nÌ H$moS> >H$mo CÎma-nwpñVH$m Ho$ _wI-n¥ð >na Adí` {bIo§ & Candidates must write the Q.P. Code on the title page,"Class 12 Electronics and Hardware (2024 Supplementary Examination, Set 4, QP 371)",Original / Retained,SORTED
371_Electronics_Hardware copy.pdf,371_Electronics_Hardware copy.pdf,Class 12/Electronics and Hardware/2024/Main Examination/Set 4/2024_Main_Electronics_and_Hardware_QP371_Set4.pdf,2024_Main_Electronics_and_Hardware_QP371_Set4.pdf,Class 12,Electronics and Hardware,2024,Main Examination,371,4,&RQPS,19,8e8ac6d50c116b854fda17431a7e5c8d3cbc0e7ba4511af53c0b4e26cba1cc49,HIGH,1,1-371 Page 1 P.T.O. narjmWu àíZ-nÌ H$moS> >H$mo CÎma-nwpñVH$m Ho$ _wI-n¥ð >na Adí` {bIo§ & Candidates must write the Q.P. Code on the title page,"Class 12 Electronics and Hardware (2024 Main Examination, Set 4, QP 371)",Original / Retained,SORTED
371_Electronics_Hardware.pdf,371_Electronics_Hardware.pdf,Class 12/Electronics and Hardware/2025/Main Examination/Set 4/2025_Main_Electronics_and_Hardware_QP371_Set4.pdf,2025_Main_Electronics_and_Hardware_QP371_Set4.pdf,Class 12,Electronics and Hardware,2025,Main Examination,371,4,4YWZX,23,fd1f57383a5df06c46b6be1ed442628ae35129178481fe0fa7e1b1762349cb12,HIGH,1,371 Page 1 of 23 # P.T.O. परीक्षार्थी प्रश् न-पत्र कोड को उत्तर-पुस्तिका के मुख-पृष्ठ पर अवश्य स्िखें । Candidates must write the Q.P. Code,"Class 12 Electronics and Hardware (2025 Main Examination, Set 4, QP 371)",Original / Retained,SORTED
53 Computer Applications 2.pdf,53 Computer Applications 2.pdf,Class 10/Computer Applications/2022/Compartment Examination/Set 4/2022_Compartment_Computer_Applications_QP53_Set4.pdf,2022_Compartment_Computer_Applications_QP53_Set4.pdf,Class 10,Computer Applications,2022,Compartment Examination,53,4,AQ,4,18fb11dfd8e66127e48b97c4d228555366f426ab5b0d254b12301afbd311fb54,HIGH,1,53 Page 1 P.T.O. Candidates must write the Q.P. Code on the title page of the answer-book. Series AQ@QA/C > Roll No. Please check that,"Class 10 Computer Applications (2022 Compartment Examination, Set 4, QP 53)",Duplicate of 53 Computer Applications.pdf,DELETED_DUPLICATE
53 Computer Applications copy.pdf,53 Computer Applications copy.pdf,Class 10/Computer Applications/2022/Compartment Examination/Set 4/2022_Compartment_Computer_Applications_QP53_Set4.pdf,2022_Compartment_Computer_Applications_QP53_Set4.pdf,Class 10,Computer Applications,2022,Compartment Examination,53,4,AQ,4,18fb11dfd8e66127e48b97c4d228555366f426ab5b0d254b12301afbd311fb54,HIGH,1,53 Page 1 P.T.O. Candidates must write the Q.P. Code on the title page of the answer-book. Series AQ@QA/C > Roll No. Please check that,"Class 10 Computer Applications (2022 Compartment Examination, Set 4, QP 53)",Duplicate of 53 Computer Applications.pdf,DELETED_DUPLICATE
53 Computer Applications.pdf,53 Computer Applications.pdf,Class 10/Computer Applications/2022/Compartment Examination/Set 4/2022_Compartment_Computer_Applications_QP53_Set4.pdf,2022_Compartment_Computer_Applications_QP53_Set4.pdf,Class 10,Computer Applications,2022,Compartment Examination,53,4,AQ,4,18fb11dfd8e66127e48b97c4d228555366f426ab5b0d254b12301afbd311fb54,HIGH,1,53 Page 1 P.T.O. Candidates must write the Q.P. Code on the title page of the answer-book. Series AQ@QA/C > Roll No. Please check that,"Class 10 Computer Applications (2022 Compartment Examination, Set 4, QP 53)",Original / Retained,SORTED
53_Computer Applications.pdf,53_Computer Applications.pdf,Class 10/Computer Applications/2022/Main Examination/Set 4/2022_Main_Computer_Applications_QP53_Set4.pdf,2022_Main_Computer_Applications_QP53_Set4.pdf,Class 10,Computer Applications,2022,Main Examination,53,4,AQ,5,0682a251c7b6d8e368f9de4e4a0200a1de0fbd9e46aa1cc5996be8dcbe878f53,HIGH,1,53 Page 1 P.T.O. Candidates must write the Q.P. Code on the title page of the answer-book. Series AQ@QA > Roll No. Please check that,"Class 10 Computer Applications (2022 Main Examination, Set 4, QP 53)",Original / Retained,SORTED
53_Computer_Application.pdf,53_Computer_Application.pdf,Class 10/Computer Applications/2025/Main Examination/Set 4/2025_Main_Computer_Applications_QP53_Set4.pdf,2025_Main_Computer_Applications_QP53_Set4.pdf,Class 10,Computer Applications,2025,Main Examination,53,4,GE1FH,19,6e7767f1a01b8bb4601cecb987a959b6e16bb11f2a86dac02777501d9cf44fe6,HIGH,1,• • • 53 # 1| P a g e P.T.O. परीक्षार्थी प्रश् न-पत्र कोड को उत्तर-पुस्तिका के मुख-पृष्ठ पर अवश्य स्िखें । Candidates must,"Class 10 Computer Applications (2025 Main Examination, Set 4, QP 53)",Original / Retained,SORTED
53_Computer_Applications copy.pdf,53_Computer_Applications copy.pdf,Class 10/Computer Applications/2024/Main Examination/Set 4/2024_Main_Computer_Applications_QP14-53_Set4.pdf,2024_Main_Computer_Applications_QP14-53_Set4.pdf,Class 10,Computer Applications,2024,Main Examination,14-53,4,#CDBA,11,16cca6b366f420c0238ed7785268db2cdb80e7c163a839018e8c2205360edfb7,HIGH,1,14-53 1 P.T.O. Candidates must write the Q.P. Code on the title page of the answer-book. Set-4 > Q.P. Code Roll No. COMPUTER APPLICATIONS Time,"Class 10 Computer Applications (2024 Main Examination, Set 4, QP 14-53)",Original / Retained,SORTED
53_Computer_Applications.pdf,53_Computer_Applications.pdf,Class 10/Computer Applications/2023/Main Examination/Set 4/2023_Main_Computer_Applications_QP53_Set4.pdf,2023_Main_Computer_Applications_QP53_Set4.pdf,Class 10,Computer Applications,2023,Main Examination,53,4,WYZXW,12,444dcd8a6e42a9ed416d5ed3b08ebc400b4461b637c90f30bf588e7a3546ceb1,HIGH,1,Series WYZXW Set-4 Q.P. Code 53 Boll No. OO00000 Candidates must write the Q.P. Code on the title page of the answer-book. COMPUTER APPLICATIONS Time,"Class 10 Computer Applications (2023 Main Examination, Set 4, QP 53)",Original / Retained,SORTED
89 Information Technology 2.pdf,89 Information Technology 2.pdf,Class 10/Information Technology/2022/Compartment Examination/Set 4/2022_Compartment_Information_Technology_QP89_Set4.pdf,2022_Compartment_Information_Technology_QP89_Set4.pdf,Class 10,Information Technology,2022,Compartment Examination,89,4,AQ,9,5d70d6dde748bb3446448c473e600a4216386aa3bc6d76d6d1f526ea6f4278db,HIGH,1,89 Page 1 P.T.O. narjmWu àíZ-nÌ H$moS> H$mo CÎma-nwpñVH$m Ho$ _wI-n¥ð >na Adí` {bIo§ & Candidates must write the Q.P. Code on the title page,"Class 10 Information Technology (2022 Compartment Examination, Set 4, QP 89)",Original / Retained,SORTED
89 Information Technology 3.pdf,89 Information Technology 3.pdf,Class 10/Information Technology/2022/Compartment Examination/Set 4/2022_Compartment_Information_Technology_QP89_Set4.pdf,2022_Compartment_Information_Technology_QP89_Set4.pdf,Class 10,Information Technology,2022,Compartment Examination,89,4,AQ,9,5d70d6dde748bb3446448c473e600a4216386aa3bc6d76d6d1f526ea6f4278db,HIGH,1,89 Page 1 P.T.O. narjmWu àíZ-nÌ H$moS> H$mo CÎma-nwpñVH$m Ho$ _wI-n¥ð >na Adí` {bIo§ & Candidates must write the Q.P. Code on the title page,"Class 10 Information Technology (2022 Compartment Examination, Set 4, QP 89)",Duplicate of 89 Information Technology 2.pdf,DELETED_DUPLICATE
89 Information Technology.pdf,89 Information Technology.pdf,Class 10/Information Technology/2022/Main Examination/Set 4/2022_Main_Information_Technology_QPSET-4_Set4.pdf,2022_Main_Information_Technology_QPSET-4_Set4.pdf,Class 10,Information Technology,2022,Main Examination,SET-4,4,AQ,16,cbbfe5f58ce23eba3273a7c44fc83dc69c08f7bcab136bf6f585d154937be8cf,HIGH,1,Series: AQ@QA Q.P. Code SET-4 89 Roll No. Jandidates must write the Q.P. Cod n the title page of the answer-book *50*5* Please check that,"Class 10 Information Technology (2022 Main Examination, Set 4, QP SET-4)",Original / Retained,SORTED
89_Information_Technology 2.pdf,89_Information_Technology 2.pdf,Class 10/Artificial Intelligence/2023/Main Examination/Set 4/2023_Main_Artificial_Intelligence_QPBaPM7_Set4.pdf,2023_Main_Artificial_Intelligence_QPBaPM7_Set4.pdf,Class 10,Artificial Intelligence,2023,Main Examination,BaPM7,4,YYZXW,16,5c647a8ccdc144d36f93e750b0221f4763cc546f76662406124cadb286a159f2,HIGH,1,0404240501 88 Series YYZXW Q.P. Code BaPM7 Roll No. DO DE Set-4 89 ฿ DC DO 10000D0 Candidates must write the Q.P. Code on the,"Class 10 Artificial Intelligence (2023 Main Examination, Set 4, QP BaPM7)",Original / Retained,SORTED
89_Information_Technology copy.pdf,89_Information_Technology copy.pdf,Class 10/Information Technology/2024/Main Examination/Set 4/2024_Main_Information_Technology_QP14-89_Set4.pdf,2024_Main_Information_Technology_QP14-89_Set4.pdf,Class 10,Information Technology,2024,Main Examination,14-89,4,#CDBA,19,767eace1e86f79b72d680e92c1ab3bd1b978bf65de394ce5e80bf9e66538b792,HIGH,1,14-89 1 P.T.O. narjmWu àíZ-nÌ H$moS> >H$mo CÎma-nwpñVH$m Ho$ _wI-n¥ð >na Adí` {bIo§ & Candidates must write the Q.P. Code on the title page of,"Class 10 Information Technology (2024 Main Examination, Set 4, QP 14-89)",Original / Retained,SORTED
89_Information_Technology.pdf,89_Information_Technology.pdf,Class 10/Information Technology/2025/Main Examination/Set 4/2025_Main_Information_Technology_QP89_Set4.pdf,2025_Main_Information_Technology_QP89_Set4.pdf,Class 10,Information Technology,2025,Main Examination,89,4,GE1FH,19,436f0fc30f4b284749035c69b7c3db636a7343b02f4f3609bff1a19bb6125a68,HIGH,1,89 # 1| P a g e P.T.O. परीक्षार्थी प्रश् न-पत्र कोड को उत्तर-पुस्तिका के मुख-पृष्ठ पर अवश्य स्िखें । Candidates must write the Q.P.,"Class 10 Information Technology (2025 Main Examination, Set 4, QP 89)",Original / Retained,SORTED
91 computer science 2.pdf,91 computer science 2.pdf,Class 12/Computer Science/2022/Compartment Examination/Set 4/2022_Compartment_Computer_Science_QP91_Set4.pdf,2022_Compartment_Computer_Science_QP91_Set4.pdf,Class 12,Computer Science,2022,Compartment Examination,91,4,%BAB%/C,9,ccbd3765a084c4b0dc97d5e261f8d3f981e17b0775b5ce15b629dcccf5d06644,HIGH,1,91 Page 1 P.T.O. Candidates must write the Q.P. Code on the title page of the answer-book. Series %BAB%/C Q.P. Code Roll No. Please check,"Class 12 Computer Science (2022 Compartment Examination, Set 4, QP 91)",Duplicate of 91 computer science.pdf,DELETED_DUPLICATE
91 computer science.pdf,91 computer science.pdf,Class 12/Computer Science/2022/Compartment Examination/Set 4/2022_Compartment_Computer_Science_QP91_Set4.pdf,2022_Compartment_Computer_Science_QP91_Set4.pdf,Class 12,Computer Science,2022,Compartment Examination,91,4,%BAB%/C,9,ccbd3765a084c4b0dc97d5e261f8d3f981e17b0775b5ce15b629dcccf5d06644,HIGH,1,91 Page 1 P.T.O. Candidates must write the Q.P. Code on the title page of the answer-book. Series %BAB%/C Q.P. Code Roll No. Please check,"Class 12 Computer Science (2022 Compartment Examination, Set 4, QP 91)",Original / Retained,SORTED
91-S Computer Science 2.pdf,91-S Computer Science 2.pdf,Class 12/Computer Science/2024/Supplementary Examination/Set 4/2024_Supplementary_Computer_Science_QP91_Set4.pdf,2024_Supplementary_Computer_Science_QP91_Set4.pdf,Class 12,Computer Science,2024,Supplementary Examination,91,4,&RQPS/S,15,6cd2b72f646965d4258e2057cd172648ad31c01e9d398b00e90081c4ea3545bc,HIGH,1,91/S 1 P.T.O. Candidates must write the Q.P. Code on the title page of the answer-book. Set-4 > Q.P. Code Roll No. COMPUTER SCIENCE Time,"Class 12 Computer Science (2024 Supplementary Examination, Set 4, QP 91)",Duplicate of 91-S Computer Science.pdf,DELETED_DUPLICATE
91-S Computer Science.pdf,91-S Computer Science.pdf,Class 12/Computer Science/2024/Supplementary Examination/Set 4/2024_Supplementary_Computer_Science_QP91_Set4.pdf,2024_Supplementary_Computer_Science_QP91_Set4.pdf,Class 12,Computer Science,2024,Supplementary Examination,91,4,&RQPS/S,15,6cd2b72f646965d4258e2057cd172648ad31c01e9d398b00e90081c4ea3545bc,HIGH,1,91/S 1 P.T.O. Candidates must write the Q.P. Code on the title page of the answer-book. Set-4 > Q.P. Code Roll No. COMPUTER SCIENCE Time,"Class 12 Computer Science (2024 Supplementary Examination, Set 4, QP 91)",Original / Retained,SORTED
91_COMPUTER_SCIENCE.pdf,91_COMPUTER_SCIENCE.pdf,Class 12/Computer Science/2025/Main Examination/Set 4/2025_Main_Computer_Science_QPSET_Set4.pdf,2025_Main_Computer_Science_QPSET_Set4.pdf,Class 12,Computer Science,2025,Main Examination,SET,4,4YWZX,32,157d00a50d7e99ffdb2ff48dd4c823a23776366c3c36995de645bd70581e0dbd,HIGH,1,QHD Series : 4YWZX Roll No. Q.P. Code SET - 4 91 Candidates must write the Q.P. Code on the title page of the answer-book.,"Class 12 Computer Science (2025 Main Examination, Set 4, QP SET)",Original / Retained,SORTED
91_Computer Science 2.pdf,91_Computer Science 2.pdf,Class 12/Computer Science/2022/Main Examination/Set 4/2022_Main_Computer_Science_QP12_Set4.pdf,2022_Main_Computer_Science_QP12_Set4.pdf,Class 12,Computer Science,2022,Main Examination,12,4,%BAB%,12,d23992c58aa8097ae36787663a2cb667ad68a82411b7bdd39d418974ef233393,HIGH,1,Series:%BAB% SET-4 dм÷. Roll No. 2.P. Code Candidates must write the Q.P. Code on the title page of the answer-book. Please check that this question,"Class 12 Computer Science (2022 Main Examination, Set 4, QP 12)",Duplicate of 91_Computer Science.pdf,DELETED_DUPLICATE
91_Computer Science 3.pdf,91_Computer Science 3.pdf,Class 12/Computer Science/2022/Main Examination/Set 4/2022_Main_Computer_Science_QP12_Set4.pdf,2022_Main_Computer_Science_QP12_Set4.pdf,Class 12,Computer Science,2022,Main Examination,12,4,%BAB%,12,d23992c58aa8097ae36787663a2cb667ad68a82411b7bdd39d418974ef233393,HIGH,1,Series:%BAB% SET-4 dм÷. Roll No. 2.P. Code Candidates must write the Q.P. Code on the title page of the answer-book. Please check that this question,"Class 12 Computer Science (2022 Main Examination, Set 4, QP 12)",Duplicate of 91_Computer Science.pdf,DELETED_DUPLICATE
91_Computer Science.pdf,91_Computer Science.pdf,Class 12/Computer Science/2022/Main Examination/Set 4/2022_Main_Computer_Science_QP12_Set4.pdf,2022_Main_Computer_Science_QP12_Set4.pdf,Class 12,Computer Science,2022,Main Examination,12,4,%BAB%,12,d23992c58aa8097ae36787663a2cb667ad68a82411b7bdd39d418974ef233393,HIGH,1,Series:%BAB% SET-4 dм÷. Roll No. 2.P. Code Candidates must write the Q.P. Code on the title page of the answer-book. Please check that this question,"Class 12 Computer Science (2022 Main Examination, Set 4, QP 12)",Original / Retained,SORTED
91_Computer_Science 2 copy.pdf,91_Computer_Science 2 copy.pdf,Class 12/Computer Science/2024/Main Examination/Set 4/2024_Main_Computer_Science_QP91_Set4.pdf,2024_Main_Computer_Science_QP91_Set4.pdf,Class 12,Computer Science,2024,Main Examination,91,4,&RQPS,16,fe8a67fd8ec7d9c8165aa6bedcf9348a2bbdb9ebf09bcf62106877353fc21664,HIGH,1,Series &RQPS tM7. Roll No. Set-4 Q.P. Code 91 Candidates must write the Q.P. Code on the title page of the answer-book. COMPUTER SCIENCE Time,"Class 12 Computer Science (2024 Main Examination, Set 4, QP 91)",Duplicate of 91_Computer_Science 3.pdf,DELETED_DUPLICATE
91_Computer_Science 2.pdf,91_Computer_Science 2.pdf,Class 12/Computer Science/2023/Main Examination/Set 4/2023_Main_Computer_Science_QP91_Set4.pdf,2023_Main_Computer_Science_QP91_Set4.pdf,Class 12,Computer Science,2023,Main Examination,91,4,ZHEFG,16,5a503b931ca401ad5b3430456167451928340bd35116f2370f02b1c71577bf4f,HIGH,1,cecece Ccccceс SET-4 Series ZHEFG Roll No. Q.P. Code 91 Candidates must write the Q.P. Code on the title page of the answer-book. COMPUTER SCIENCE,"Class 12 Computer Science (2023 Main Examination, Set 4, QP 91)",Original / Retained,SORTED
91_Computer_Science 3.pdf,91_Computer_Science 3.pdf,Class 12/Computer Science/2024/Main Examination/Set 4/2024_Main_Computer_Science_QP91_Set4.pdf,2024_Main_Computer_Science_QP91_Set4.pdf,Class 12,Computer Science,2024,Main Examination,91,4,&RQPS,16,fe8a67fd8ec7d9c8165aa6bedcf9348a2bbdb9ebf09bcf62106877353fc21664,HIGH,1,Series &RQPS tM7. Roll No. Set-4 Q.P. Code 91 Candidates must write the Q.P. Code on the title page of the answer-book. COMPUTER SCIENCE Time,"Class 12 Computer Science (2024 Main Examination, Set 4, QP 91)",Original / Retained,SORTED
91_Computer_Science copy.pdf,91_Computer_Science copy.pdf,Class 12/Computer Science/2024/Main Examination/Set 4/2024_Main_Computer_Science_QP91_Set4.pdf,2024_Main_Computer_Science_QP91_Set4.pdf,Class 12,Computer Science,2024,Main Examination,91,4,&RQPS,16,fe8a67fd8ec7d9c8165aa6bedcf9348a2bbdb9ebf09bcf62106877353fc21664,HIGH,1,Series &RQPS tM7. Roll No. Set-4 Q.P. Code 91 Candidates must write the Q.P. Code on the title page of the answer-book. COMPUTER SCIENCE Time,"Class 12 Computer Science (2024 Main Examination, Set 4, QP 91)",Duplicate of 91_Computer_Science 3.pdf,DELETED_DUPLICATE
ARTIFICIAL_INTELLIGENCE 2.pdf,ARTIFICIAL_INTELLIGENCE 2.pdf,Class 12/Artificial Intelligence/2023/Compartment Examination/Set 4/2023_Compartment_Artificial_Intelligence_QP367_Set4.pdf,2023_Compartment_Artificial_Intelligence_QP367_Set4.pdf,Class 12,Artificial Intelligence,2023,Compartment Examination,367,4,HEFG/C,11,6865df768cb4ac9556c1c3d209e3d8ecaf1d8b69304ff082e74b15b1061d81e1,HIGH,1,367 Page 1 of 11 P.T.O. Series HEFG/C Set-4 Q.P. Code Roll No. ARTIFICIAL INTELLIGENCE Time allowed : 2 hours Maximum Marks : 50 Please,"Class 12 Artificial Intelligence (2023 Compartment Examination, Set 4, QP 367)",Original / Retained,SORTED
Artificial_Intelleigence.pdf,Artificial_Intelleigence.pdf,Class 10/Artificial Intelligence/2026/Main Examination/Set 4/2026_Main_Artificial_Intelligence_QP104_Set4.pdf,2026_Main_Artificial_Intelligence_QP104_Set4.pdf,Class 10,Artificial Intelligence,2026,Main Examination,104,4,2KNLM,24,c31056c43b944fb7b5bb98297fd25d4c9d90c04b4c7c6093ace108404201827c,HIGH,1,104^ Page 1 P.T.O. Series : 2KNLM Set – 4  . Roll No.   ARTIFICIAL INTELLIGENCE   : 2   ,"Class 10 Artificial Intelligence (2026 Main Examination, Set 4, QP 104)",Original / Retained,SORTED
Artificial_Intelligence 3.pdf,Artificial_Intelligence 3.pdf,Class 10/Artificial Intelligence/2025/Supplementary Examination/Set 4/2025_Supplementary_Artificial_Intelligence_QP104_Set4.pdf,2025_Supplementary_Artificial_Intelligence_QP104_Set4.pdf,Class 10,Artificial Intelligence,2025,Supplementary Examination,104,4,EFGH/S,23,1826228f600670e13bf3af8c324234662fdbc3dccd3c9977465093f1c2f415dd,HIGH,1,104/S # 1| P a g e P.T.O. - - - Candidates must write the Q.P. Code on the title page of the answer-book. Series,"Class 10 Artificial Intelligence (2025 Supplementary Examination, Set 4, QP 104)",Duplicate of Artificial_Intelligence.pdf,DELETED_DUPLICATE
Artificial_Intelligence 4.pdf,Artificial_Intelligence 4.pdf,Class 12/Artificial Intelligence/2025/Supplementary Examination/Set 4/2025_Supplementary_Artificial_Intelligence_QP367_Set4.pdf,2025_Supplementary_Artificial_Intelligence_QP367_Set4.pdf,Class 12,Artificial Intelligence,2025,Supplementary Examination,367,4,WXYZ/S,23,0dc02d020f6f225f9f7e40e57a8c75f59ea881f62e1eb56579a40e4bf5619622,HIGH,1,*367/S* 1 # [ P.T.O. ] *LAICIFITRA ECNEGILLETNI* परीा न-प कोड को उर-पुिका के मुख-पृ पर अव य  ख । Candidates must write the,"Class 12 Artificial Intelligence (2025 Supplementary Examination, Set 4, QP 367)",Original / Retained,SORTED
Artificial_Intelligence 5.pdf,Artificial_Intelligence 5.pdf,Class 12/Artificial Intelligence/2026/Main Examination/Set 4/2026_Main_Artificial_Intelligence_QP367_Set4.pdf,2026_Main_Artificial_Intelligence_QP367_Set4.pdf,Class 12,Artificial Intelligence,2026,Main Examination,367,4,P3SQR,24,d3a8d50b150e5030e94e40f9484d11411482d85874c198f6f10c1fe4709c171c,HIGH,1,367^ Page 1 P.T.O. Series : P3SQR Set – 4  . Roll No.   ARTIFICIAL INTELLIGENCE   : 2   ,"Class 12 Artificial Intelligence (2026 Main Examination, Set 4, QP 367)",Original / Retained,SORTED
Artificial_Intelligence 6.pdf,Artificial_Intelligence 6.pdf,Class 12/Artificial Intelligence/2026/Supplementary Examination/Set 4/2026_Supplementary_Artificial_Intelligence_QP367_Set4.pdf,2026_Supplementary_Artificial_Intelligence_QP367_Set4.pdf,Class 12,Artificial Intelligence,2026,Supplementary Examination,367,4,S7PQR,27,bccc6bc8aaa25498f6db7a6a699305e93e5e212b2eb9a8852c253d112a803074,HIGH,1,367/7 1 P.T.O. परीक्षार्थी प्रश् न-पत्र कोड को उत्तर-पुस्तिका के मुख-पृष्ठ पर अवश्य स्िखें । Candidates must write the Q.P. Code on the title page,"Class 12 Artificial Intelligence (2026 Supplementary Examination, Set 4, QP 367)",Original / Retained,SORTED
Artificial_Intelligence.pdf,Artificial_Intelligence.pdf,Class 10/Artificial Intelligence/2025/Supplementary Examination/Set 4/2025_Supplementary_Artificial_Intelligence_QP104_Set4.pdf,2025_Supplementary_Artificial_Intelligence_QP104_Set4.pdf,Class 10,Artificial Intelligence,2025,Supplementary Examination,104,4,EFGH/S,23,1826228f600670e13bf3af8c324234662fdbc3dccd3c9977465093f1c2f415dd,HIGH,1,104/S # 1| P a g e P.T.O. - - - Candidates must write the Q.P. Code on the title page of the answer-book. Series,"Class 10 Artificial Intelligence (2025 Supplementary Examination, Set 4, QP 104)",Original / Retained,SORTED
Computer_Application 2.pdf,Computer_Application 2.pdf,Class 10/Computer Applications/2025/Supplementary Examination/Set 4/2025_Supplementary_Computer_Applications_QP53_Set4.pdf,2025_Supplementary_Computer_Applications_QP53_Set4.pdf,Class 10,Computer Applications,2025,Supplementary Examination,53,4,EFGH/S,19,0c6f4668fe1b31f869b3f924ba94093bc41d83e1b0c9e1402fccdcc533341eb9,HIGH,1,• • • 53/S # 1| P a g e P.T.O. परीा न-प कोड को उर-पुका के मुख-पृ पर अव य  ख । Candidates,"Class 10 Computer Applications (2025 Supplementary Examination, Set 4, QP 53)",Original / Retained,SORTED
Computer_Application.pdf,Computer_Application.pdf,Class 10/Computer Applications/2026/Main Examination/Set 4/2026_Main_Computer_Applications_QP53_Set4.pdf,2026_Main_Computer_Applications_QP53_Set4.pdf,Class 10,Computer Applications,2026,Main Examination,53,4,2KNLM,19,ff9654c19df0cfe7406bdb29af7fe8c66c4d58f1d7d23376cfdd125c602cd27e,HIGH,1,53^ Page 1 [ ] P.T.O. परीक्षार्थी प्रश् न-पत्र कोड को उत्तर-पुस्तिका के मुख-पृष्ठ पर अवश्य स्िखें । Candidates must write the Q.P. Code on,"Class 10 Computer Applications (2026 Main Examination, Set 4, QP 53)",Original / Retained,SORTED
Computer_Science 2.pdf,Computer_Science 2.pdf,Class 12/Computer Science/2023/Compartment Examination/Set 4/2023_Compartment_Computer_Science_QP91_Set4.pdf,2023_Compartment_Computer_Science_QP91_Set4.pdf,Class 12,Computer Science,2023,Compartment Examination,91,4,HEFG/C,19,bb4fce39b07d2472f91d23df9fbf250c19aa19b09066430f8f2a3e6ed5c4821f,HIGH,1,91 Page 1 of 19 P.T.O. Series HEFG/C Set-4 Q.P. Code Roll No. COMPUTER SCIENCE (NEW) Time allowed : 3 hours Maximum Marks : 70,"Class 12 Computer Science (2023 Compartment Examination, Set 4, QP 91)",Duplicate of Computer_Science.pdf,DELETED_DUPLICATE
Computer_Science 3.pdf,Computer_Science 3.pdf,Class 12/Computer Science/2023/Compartment Examination/Set 4/2023_Compartment_Computer_Science_QP91_Set4.pdf,2023_Compartment_Computer_Science_QP91_Set4.pdf,Class 12,Computer Science,2023,Compartment Examination,91,4,HEFG/C,19,bb4fce39b07d2472f91d23df9fbf250c19aa19b09066430f8f2a3e6ed5c4821f,HIGH,1,91 Page 1 of 19 P.T.O. Series HEFG/C Set-4 Q.P. Code Roll No. COMPUTER SCIENCE (NEW) Time allowed : 3 hours Maximum Marks : 70,"Class 12 Computer Science (2023 Compartment Examination, Set 4, QP 91)",Duplicate of Computer_Science.pdf,DELETED_DUPLICATE
Computer_Science 4.pdf,Computer_Science 4.pdf,Class 12/Computer Science/2025/Supplementary Examination/Set 4/2025_Supplementary_Computer_Science_QP91_Set4.pdf,2025_Supplementary_Computer_Science_QP91_Set4.pdf,Class 12,Computer Science,2025,Supplementary Examination,91,4,WXYZ/S,27,6762b4b34b412fa92817e4202e813d63440703b7aa5cddddb7e127a31678647a,HIGH,1,91/S Page 1 of 27 P.T.O. परीा न-प कोड को उर-पुिका के मुख-पृ पर अव य  ख । Candidates must write the Q.P. Code,"Class 12 Computer Science (2025 Supplementary Examination, Set 4, QP 91)",Original / Retained,SORTED
Computer_Science 5.pdf,Computer_Science 5.pdf,Class 12/Computer Science/2026/Main Examination/Set 4/2026_Main_Computer_Science_QP91_Set4.pdf,2026_Main_Computer_Science_QP91_Set4.pdf,Class 12,Computer Science,2026,Main Examination,91,4,QR1SP,32,83eb3461fe36d5d4d8d1870cbfd3f3af05b1f0a97efb70b7509dee3c826587d3,HIGH,1,91* 1 * P a g e P.T.O. Series : QR1SP SET-4  . Roll No. { }  : NOTE : (I)  ,"Class 12 Computer Science (2026 Main Examination, Set 4, QP 91)",Original / Retained,SORTED
Computer_Science 6.pdf,Computer_Science 6.pdf,Class 12/Computer Science/2025/Supplementary Examination/Set 4/2025_Supplementary_Computer_Science_QP91_Set4.pdf,2025_Supplementary_Computer_Science_QP91_Set4.pdf,Class 12,Computer Science,2025,Supplementary Examination,91,4,WXYZ/S,27,6762b4b34b412fa92817e4202e813d63440703b7aa5cddddb7e127a31678647a,HIGH,1,91/S Page 1 of 27 P.T.O. परीा न-प कोड को उर-पुिका के मुख-पृ पर अव य  ख । Candidates must write the Q.P. Code,"Class 12 Computer Science (2025 Supplementary Examination, Set 4, QP 91)",Duplicate of Computer_Science 4.pdf,DELETED_DUPLICATE
Computer_Science 7.pdf,Computer_Science 7.pdf,Class 12/Computer Science/2026/Supplementary Examination/Set 4/2026_Supplementary_Computer_Science_QP91_Set4.pdf,2026_Supplementary_Computer_Science_QP91_Set4.pdf,Class 12,Computer Science,2026,Supplementary Examination,91,4,S7PQR,47,86e87e649054910215a41d80bf697990a82d4dfca4351e13dca2320e2b191846,HIGH,1,91/7 1 * [ P.T.O. ] परीक्षार्थी प्रश् न-पत्र कोड को उत्तर-पुस्तिका के मुख-पृष्ठ पर अवश्य स्िखें । Candidates must write the Q.P. Code on,"Class 12 Computer Science (2026 Supplementary Examination, Set 4, QP 91)",Original / Retained,SORTED
Computer_Science 8.pdf,Computer_Science 8.pdf,Class 12/Computer Science/2026/Main Examination/Set 4/2026_Main_Computer_Science_QP91_Set4.pdf,2026_Main_Computer_Science_QP91_Set4.pdf,Class 12,Computer Science,2026,Main Examination,91,4,QR1SP,32,83eb3461fe36d5d4d8d1870cbfd3f3af05b1f0a97efb70b7509dee3c826587d3,HIGH,1,91* 1 * P a g e P.T.O. Series : QR1SP SET-4  . Roll No. { }  : NOTE : (I)  ,"Class 12 Computer Science (2026 Main Examination, Set 4, QP 91)",Duplicate of Computer_Science 5.pdf,DELETED_DUPLICATE
Computer_Science 9.pdf,Computer_Science 9.pdf,Class 12/Computer Science/2026/Main Examination/Set 4/2026_Main_Computer_Science_QP91_Set4.pdf,2026_Main_Computer_Science_QP91_Set4.pdf,Class 12,Computer Science,2026,Main Examination,91,4,QR1SP,32,83eb3461fe36d5d4d8d1870cbfd3f3af05b1f0a97efb70b7509dee3c826587d3,HIGH,1,91* 1 * P a g e P.T.O. Series : QR1SP SET-4  . Roll No. { }  : NOTE : (I)  ,"Class 12 Computer Science (2026 Main Examination, Set 4, QP 91)",Duplicate of Computer_Science 5.pdf,DELETED_DUPLICATE
Computer_Science.pdf,Computer_Science.pdf,Class 12/Computer Science/2023/Compartment Examination/Set 4/2023_Compartment_Computer_Science_QP91_Set4.pdf,2023_Compartment_Computer_Science_QP91_Set4.pdf,Class 12,Computer Science,2023,Compartment Examination,91,4,HEFG/C,19,bb4fce39b07d2472f91d23df9fbf250c19aa19b09066430f8f2a3e6ed5c4821f,HIGH,1,91 Page 1 of 19 P.T.O. Series HEFG/C Set-4 Q.P. Code Roll No. COMPUTER SCIENCE (NEW) Time allowed : 3 hours Maximum Marks : 70,"Class 12 Computer Science (2023 Compartment Examination, Set 4, QP 91)",Original / Retained,SORTED
Computer_applications.pdf,Computer_applications.pdf,Class 10/Computer Applications/2023/Compartment Examination/Set 4/2023_Compartment_Computer_Applications_QP53_Set4.pdf,2023_Compartment_Computer_Applications_QP53_Set4.pdf,Class 10,Computer Applications,2023,Compartment Examination,53,4,YZXW/C,11,1fc7983adb12a90de890698b6aaebe0053d56ac30865735384afa01a8efbffe0,HIGH,1,53 Page 1 of 11 P.T.O. Series YZXW/C Set-4 Q.P. Code Roll No. COMPUTER APPLICATIONS Time allowed : 2 hours Maximum Marks : 50 Please,"Class 10 Computer Applications (2023 Compartment Examination, Set 4, QP 53)",Original / Retained,SORTED
Data_Science 2.pdf,Data_Science 2.pdf,Class 12/Data Science/2026/Main Examination/Set 4/2026_Main_Data_Science_QP368_Set4.pdf,2026_Main_Data_Science_QP368_Set4.pdf,Class 12,Data Science,2026,Main Examination,368,4,QR1SP,24,c83fa254249c3bb319a6e223acf010313c313bc603e9ccdd52ee1fd07bc3a86c,HIGH,1,368* 1 * P a g e P.T.O. Series : QR1SP SET-4  . Roll No. { }  : NOTE : (I)  ,"Class 12 Data Science (2026 Main Examination, Set 4, QP 368)",Original / Retained,SORTED
Data_Science 3.pdf,Data_Science 3.pdf,Class 12/Data Science/2026/Supplementary Examination/Set 4/2026_Supplementary_Data_Science_QP368_Set4.pdf,2026_Supplementary_Data_Science_QP368_Set4.pdf,Class 12,Data Science,2026,Supplementary Examination,368,4,S7PQR,27,45d1ea174902063a42419423fa01450244e80ddbd0d5494da229a7553c62e565,HIGH,1,368/7 1 P.T.O. परीक्षार्थी प्रश् न-पत्र कोड को उत्तर-पुस्तिका के मुख-पृष्ठ पर अवश्य स्िखें । Candidates must write the Q.P. Code on the title page,"Class 12 Data Science (2026 Supplementary Examination, Set 4, QP 368)",Original / Retained,SORTED
Data_Science.pdf,Data_Science.pdf,Class 10/Data Science/2026/Main Examination/Set 4/2026_Main_Data_Science_QP106_Set4.pdf,2026_Main_Data_Science_QP106_Set4.pdf,Class 10,Data Science,2026,Main Examination,106,4,2LKNM,24,d82b2f7afd917f4c1b1f886cca072e9735a7c31c7b63736891cc88fa833ce494,HIGH,1,106 [ ] Page 1 of P.T.O. परीक्षार्थी प्रश् न-पत्र कोड को उत्तर-पुस्तिका के मुख-पृष्ठ पर अवश्य स्िखें । Candidates must write the Q.P. Code,"Class 10 Data Science (2026 Main Examination, Set 4, QP 106)",Original / Retained,SORTED
ELECTRICAL_TECHNOLOGY.pdf,ELECTRICAL_TECHNOLOGY.pdf,Class 12/Electrical Technology/2023/Compartment Examination/Set 4/2023_Compartment_Electrical_Technology_QP343_Set4.pdf,2023_Compartment_Electrical_Technology_QP343_Set4.pdf,Class 12,Electrical Technology,2023,Compartment Examination,343,4,HEFG/C,11,8c7c41b4a125fa9c52f673f22c6f120a1a5717f396bf07fd89a4bd1df944b3c1,HIGH,1,343 Page 1 of 11 P.T.O. Series HEFG/C Set-4 àíZ-nÌ H$moS> Q.P. Code amob Z§. Roll No. {dÚwV àm¡Úmo{JH$s ELECTRICAL TECHNOLOGY : 3 : 60,"Class 12 Electrical Technology (2023 Compartment Examination, Set 4, QP 343)",Original / Retained,SORTED
ELECTRONICS_TECHNOLOGY 2.pdf,ELECTRONICS_TECHNOLOGY 2.pdf,Class 12/Electronics Technology/2023/Compartment Examination/Set 4/2023_Compartment_Electronics_Technology_QP344_Set4.pdf,2023_Compartment_Electronics_Technology_QP344_Set4.pdf,Class 12,Electronics Technology,2023,Compartment Examination,344,4,HEFG/C,11,ec8563b275316ca09cc8e69d4f5e38e2e894420971797941d480b66f1c408242,HIGH,1,344 Page 1 of 11 P.T.O. Series HEFG/C Set-4 àíZ-nÌ H$moS> Q.P. Code amob Z§. Roll No. ELECTRONICS TECHNOLOGY : 3 : 60 Time allowed,"Class 12 Electronics Technology (2023 Compartment Examination, Set 4, QP 344)",Duplicate of ELECTRONICS_TECHNOLOGY.pdf,DELETED_DUPLICATE
ELECTRONICS_TECHNOLOGY.pdf,ELECTRONICS_TECHNOLOGY.pdf,Class 12/Electronics Technology/2023/Compartment Examination/Set 4/2023_Compartment_Electronics_Technology_QP344_Set4.pdf,2023_Compartment_Electronics_Technology_QP344_Set4.pdf,Class 12,Electronics Technology,2023,Compartment Examination,344,4,HEFG/C,11,ec8563b275316ca09cc8e69d4f5e38e2e894420971797941d480b66f1c408242,HIGH,1,344 Page 1 of 11 P.T.O. Series HEFG/C Set-4 àíZ-nÌ H$moS> Q.P. Code amob Z§. Roll No. ELECTRONICS TECHNOLOGY : 3 : 60 Time allowed,"Class 12 Electronics Technology (2023 Compartment Examination, Set 4, QP 344)",Original / Retained,SORTED
1_1_1_English Core.pdf,ENGLISH_CORE 3/1_1_1_English Core.pdf,Class 12/English (Core)/2024/Main Examination/Set 1/2024_Main_English_Core_QP1_1_1-1_Set1.pdf,2024_Main_English_Core_QP1_1_1-1_Set1.pdf,Class 12,English (Core),2024,Main Examination,1/1/1-1,1,QS1PR/1,19,3d63e5b72d7885a7c29ebf843a2fef8e04add3333107877c252a9343186f9ea6,HIGH,1,1/1/1-1 Page 1 P.T.O. Candidates must write the Q.P. Code on the title page of the answer-book. Series QS1PR/1 > Q.P. Code Roll No. Please,"Class 12 English (Core) (2024 Main Examination, Set 1, QP 1/1/1-1)",Original / Retained,SORTED
1_1_2_English Core.pdf,ENGLISH_CORE 3/1_1_2_English Core.pdf,Class 12/English (Core)/2024/Main Examination/Set 2/2024_Main_English_Core_QP1_1_2-1_Set2.pdf,2024_Main_English_Core_QP1_1_2-1_Set2.pdf,Class 12,English (Core),2024,Main Examination,1/1/2-1,2,QS1PR/1,19,d20d4b37c674330b3f9b2f2bd996819e8bdb0ec4375f690ca5f7671faf4d37c6,HIGH,1,1/1/2-1 Page 1 P.T.O. Candidates must write the Q.P. Code on the title page of the answer-book. Series QS1PR/1 > Q.P. Code Roll No. Please,"Class 12 English (Core) (2024 Main Examination, Set 2, QP 1/1/2-1)",Original / Retained,SORTED
1_1_3_English Core.pdf,ENGLISH_CORE 3/1_1_3_English Core.pdf,Class 12/English (Core)/2024/Main Examination/Set 3/2024_Main_English_Core_QP1_1_3-1_Set3.pdf,2024_Main_English_Core_QP1_1_3-1_Set3.pdf,Class 12,English (Core),2024,Main Examination,1/1/3-1,3,QS1PR/1,19,37e234fdd5ae04e533501739d055cd0d2d4eb2198e757d0c34c785a8d406771e,HIGH,1,1/1/3-1 Page 1 P.T.O. Candidates must write the Q.P. Code on the title page of the answer-book. Series QS1PR/1 > Q.P. Code Roll No. Please,"Class 12 English (Core) (2024 Main Examination, Set 3, QP 1/1/3-1)",Original / Retained,SORTED
1_2_1_English Core.pdf,ENGLISH_CORE 3/1_2_1_English Core.pdf,Class 12/English (Core)/2024/Main Examination/Set 1/2024_Main_English_Core_QP1_2_1-2_Set1.pdf,2024_Main_English_Core_QP1_2_1-2_Set1.pdf,Class 12,English (Core),2024,Main Examination,1/2/1-2,1,SRQP2/2,19,4648e85fa189062150175c40445ce5a8eb84f67d5ddc1a88f39e6a6ebeff5480,HIGH,1,1/2/1-2 Page 1 P.T.O. Candidates must write the Q.P. Code on the title page of the answer-book. Series SRQP2/2 > Q.P. Code Roll No. Please,"Class 12 English (Core) (2024 Main Examination, Set 1, QP 1/2/1-2)",Original / Retained,SORTED
1_2_2_English Core.pdf,ENGLISH_CORE 3/1_2_2_English Core.pdf,Class 12/English (Core)/2024/Main Examination/Set 2/2024_Main_English_Core_QP1_2_2-2_Set2.pdf,2024_Main_English_Core_QP1_2_2-2_Set2.pdf,Class 12,English (Core),2024,Main Examination,1/2/2-2,2,SRQP2/2,19,8fd7bc1b6f01865757725e5c63ddbb1764ac286c493bb24fa88f2c3f8f11d745,HIGH,1,1/2/2-2 Page 1 P.T.O. Candidates must write the Q.P. Code on the title page of the answer-book. Series SRQP2/2 > Q.P. Code Roll No. Please,"Class 12 English (Core) (2024 Main Examination, Set 2, QP 1/2/2-2)",Original / Retained,SORTED
1_2_3_English Core.pdf,ENGLISH_CORE 3/1_2_3_English Core.pdf,Class 12/English (Core)/2024/Main Examination/Set 3/2024_Main_English_Core_QP1_2_3-2_Set3.pdf,2024_Main_English_Core_QP1_2_3-2_Set3.pdf,Class 12,English (Core),2024,Main Examination,1/2/3-2,3,SRQP2/2,19,511bc3dfb540e4159370d500ee546dbfc6508d20103234134f2f9f27edd5bc0c,HIGH,1,1/2/3-2 Page 1 P.T.O. Candidates must write the Q.P. Code on the title page of the answer-book. Series SRQP2/2 > Q.P. Code Roll No. Please,"Class 12 English (Core) (2024 Main Examination, Set 3, QP 1/2/3-2)",Original / Retained,SORTED
1_3_1_English Core.pdf,ENGLISH_CORE 3/1_3_1_English Core.pdf,Class 12/English (Core)/2024/Main Examination/Set 1/2024_Main_English_Core_QP1_3_1-3_Set1.pdf,2024_Main_English_Core_QP1_3_1-3_Set1.pdf,Class 12,English (Core),2024,Main Examination,1/3/1-3,1,S3QRP/3,19,e2184d2b1755b5f2685e5778d74d7fba3763ff4041d1d1f135ad294ed0de7987,HIGH,1,1/3/1-3 Page 1 P.T.O. Candidates must write the Q.P. Code on the title page of the answer-book. Series S3QRP/3 > Q.P. Code Roll No. Please,"Class 12 English (Core) (2024 Main Examination, Set 1, QP 1/3/1-3)",Original / Retained,SORTED
1_3_2_English Core.pdf,ENGLISH_CORE 3/1_3_2_English Core.pdf,Class 12/English (Core)/2024/Main Examination/Set 2/2024_Main_English_Core_QP1_3_2-3_Set2.pdf,2024_Main_English_Core_QP1_3_2-3_Set2.pdf,Class 12,English (Core),2024,Main Examination,1/3/2-3,2,S3QRP/3,19,0fd018d2edd1587a97b337ac4268665f1a9a95e04ae428c54ffbf23088b8316a,HIGH,1,1/3/2-3 Page 1 P.T.O. Candidates must write the Q.P. Code on the title page of the answer-book. Series S3QRP/3 > Q.P. Code Roll No. Please,"Class 12 English (Core) (2024 Main Examination, Set 2, QP 1/3/2-3)",Original / Retained,SORTED
1_3_3_English Core.pdf,ENGLISH_CORE 3/1_3_3_English Core.pdf,Class 12/English (Core)/2024/Main Examination/Set 3/2024_Main_English_Core_QP1_3_3-3_Set3.pdf,2024_Main_English_Core_QP1_3_3-3_Set3.pdf,Class 12,English (Core),2024,Main Examination,1/3/3-3,3,S3QRP/3,19,85dd52cc363d7ecf593570dfcc4c3652f1ecc7e7b399fdff9eaf2fd911c7d562,HIGH,1,1/3/3-3 Page 1 P.T.O. Candidates must write the Q.P. Code on the title page of the answer-book. Series S3QRP/3 > Q.P. Code Roll No. Please,"Class 12 English (Core) (2024 Main Examination, Set 3, QP 1/3/3-3)",Original / Retained,SORTED
1_4_1_English Core.pdf,ENGLISH_CORE 3/1_4_1_English Core.pdf,Class 12/English (Core)/2024/Main Examination/Set 1/2024_Main_English_Core_QP1_4_1_Set1.pdf,2024_Main_English_Core_QP1_4_1_Set1.pdf,Class 12,English (Core),2024,Main Examination,1/4/1,1,S4PQR/4,16,8eba00db3b0c00288b4b63b4f74a6576968f0772eb7a038640ea774606821b1d,HIGH,1,Series S4PQR/4 Roll No. SET-1 Q.P. Code 1/4/1 Candidates must write the Q.P. Code on the title page of the answer-book. • Please check that,"Class 12 English (Core) (2024 Main Examination, Set 1, QP 1/4/1)",Original / Retained,SORTED
1_4_2_English Core.pdf,ENGLISH_CORE 3/1_4_2_English Core.pdf,Class 12/English (Core)/2024/Main Examination/Set 2/2024_Main_English_Core_QP1_4_2_Set2.pdf,2024_Main_English_Core_QP1_4_2_Set2.pdf,Class 12,English (Core),2024,Main Examination,1/4/2,2,S4PQR/4,16,f665381864d24d57408f9943795bdc01c18040b5496bdb35720441d9f60a67c5,HIGH,1,Series S4PQR/4 Roll No. SET-2 Q.P. Code 1/4/2 Candidates must write the Q.P. Code on the title page of the answer-book. • Please check that,"Class 12 English (Core) (2024 Main Examination, Set 2, QP 1/4/2)",Original / Retained,SORTED
1_4_3_English Core.pdf,ENGLISH_CORE 3/1_4_3_English Core.pdf,Class 12/English (Core)/2024/Main Examination/Set 3/2024_Main_English_Core_QP1_4_3_Set3.pdf,2024_Main_English_Core_QP1_4_3_Set3.pdf,Class 12,English (Core),2024,Main Examination,1/4/3,3,S4PQR/4,16,5d748057329c2026c51f86c3b0f5db2a7c5f9234577ff12b4aa845d0a4ded6b5,HIGH,1,Series S4PQR/4 Roll No. SET-3 Q.P. Code 1/4/3 Candidates must write the Q.P. Code on the title page of the answer-book. • Please check that,"Class 12 English (Core) (2024 Main Examination, Set 3, QP 1/4/3)",Original / Retained,SORTED
1_5_1_English Core.pdf,ENGLISH_CORE 3/1_5_1_English Core.pdf,Class 12/English (Core)/2024/Main Examination/Set 1/2024_Main_English_Core_QP1_5_1_Set1.pdf,2024_Main_English_Core_QP1_5_1_Set1.pdf,Class 12,English (Core),2024,Main Examination,1/5/1,1,QP5RS/5,16,071fb60f0d67ee71bc500d2ecaad0e7a004a64b42898ebc87cadf167f8f55422,HIGH,1,1/5/12 Page 1 P.T.O. Series QP5RS/5 Roll No. ● Please check that this question paper contains 15 printed pages. ● Please check that this question,"Class 12 English (Core) (2024 Main Examination, Set 1, QP 1/5/1)",Original / Retained,SORTED
1_5_2_English Core.pdf,ENGLISH_CORE 3/1_5_2_English Core.pdf,Class 12/English (Core)/2024/Main Examination/Set 2/2024_Main_English_Core_QP1_5_2_Set2.pdf,2024_Main_English_Core_QP1_5_2_Set2.pdf,Class 12,English (Core),2024,Main Examination,1/5/2,2,QP5RS/5,16,416cf890286acf74a098fba3b5d9f4dc5cfab3196ba9262e12df03e9332226ae,HIGH,1,1/5/22 Page 1 P.T.O. Series QP5RS/5 Roll No. ● Please check that this question paper contains 15 printed pages. ● Please check that this question,"Class 12 English (Core) (2024 Main Examination, Set 2, QP 1/5/2)",Original / Retained,SORTED
1_5_3_English Core.pdf,ENGLISH_CORE 3/1_5_3_English Core.pdf,Class 12/English (Core)/2024/Main Examination/Set 3/2024_Main_English_Core_QP1_5_3_Set3.pdf,2024_Main_English_Core_QP1_5_3_Set3.pdf,Class 12,English (Core),2024,Main Examination,1/5/3,3,QP5RS/5,16,9279c27c18fbb38bb9203063e292cdb5fc01a75f5dfb593d2629122131f35033,HIGH,1,1/5/32 Page 1 P.T.O. Series QP5RS/5 Roll No. ● Please check that this question paper contains 15 printed pages. ● Please check that this question,"Class 12 English (Core) (2024 Main Examination, Set 3, QP 1/5/3)",Original / Retained,SORTED
1-1-1_English Core.pdf,ENGLISH_CORE 4/1-1-1_English Core.pdf,Class 12/English (Core)/2025/Main Examination/Set 1/2025_Main_English_Core_QP1_1_1_Set1.pdf,2025_Main_English_Core_QP1_1_1_Set1.pdf,Class 12,English (Core),2025,Main Examination,1/1/1,1,ZYW1X,16,5d3e98c584fdcb78fa59abefb32cee629ba550f4ef90b3a88d87e5725a60bd53,HIGH,1,Series: ZYW1X Roll No. SET - 1 Q.P. Code 1/1/1 Candidates must write the Q.P. Code on the title page of the answer-book. ENGLISH (Core),"Class 12 English (Core) (2025 Main Examination, Set 1, QP 1/1/1)",Original / Retained,SORTED
1-1-2_English Core.pdf,ENGLISH_CORE 4/1-1-2_English Core.pdf,Class 12/English (Core)/2025/Main Examination/Set 2/2025_Main_English_Core_QP1_1_2_Set2.pdf,2025_Main_English_Core_QP1_1_2_Set2.pdf,Class 12,English (Core),2025,Main Examination,1/1/2,2,ZYW1X,16,bb2aa230843796ef4fbd8c61b15932f97a92b8116036b35219615c6d1a46fb40,HIGH,1,040 Series: ZYW1X Roll No. SET - 2 Q.P. Code 1/1/2 Candidates must write the Q.P. Code on the title page of the answer-book. ENGLISH,"Class 12 English (Core) (2025 Main Examination, Set 2, QP 1/1/2)",Original / Retained,SORTED
1-1-3_English Core.pdf,ENGLISH_CORE 4/1-1-3_English Core.pdf,Class 12/English (Core)/2025/Main Examination/Set 3/2025_Main_English_Core_QP1_1_3_Set3.pdf,2025_Main_English_Core_QP1_1_3_Set3.pdf,Class 12,English (Core),2025,Main Examination,1/1/3,3,ZYW1X,16,0bd9567c63e5085814412103736bc2552b127d1b006234fb5e84e0a13af4109d,HIGH,1,Series: ZYW1X Roll No. SET - 3 Q.P.Code 1/1/3 Candidates must write the Q.P. Code on the title page of the answer-book. ENGLISH (Core) Time,"Class 12 English (Core) (2025 Main Examination, Set 3, QP 1/1/3)",Original / Retained,SORTED
1-2-1_English Core.pdf,ENGLISH_CORE 4/1-2-1_English Core.pdf,Class 12/English (Core)/2025/Main Examination/Set 1/2025_Main_English_Core_QP1_2_1_Set1.pdf,2025_Main_English_Core_QP1_2_1_Set1.pdf,Class 12,English (Core),2025,Main Examination,1/2/1,1,ZYW2X,16,9cd2b9d697ffff187d97516eff15544f74227c2b3559afa53e07aa3ddad8b48a,HIGH,1,Series: ZYW2X Roll No. SET - 1 Q.P. Code 1/2/1 Candidates must write the Q.P. Code on the title page of the answer-book. ENGLISH (Core),"Class 12 English (Core) (2025 Main Examination, Set 1, QP 1/2/1)",Original / Retained,SORTED
1-2-2_English Core.pdf,ENGLISH_CORE 4/1-2-2_English Core.pdf,Class 12/English (Core)/2025/Main Examination/Set 2/2025_Main_English_Core_QP1_2_2_Set2.pdf,2025_Main_English_Core_QP1_2_2_Set2.pdf,Class 12,English (Core),2025,Main Examination,1/2/2,2,ZYW2X,16,cf72e0d794e13a5563eba3c3266fd9de86c391661a6cd791d1b7bd50b31f7cf2,HIGH,1,040 Series: ZYW2X Roll No. SET - 2 Q.P. Code 1/2/2 Candidates must write the Q.P. Code on the title page of the answer-book. ENGLISH,"Class 12 English (Core) (2025 Main Examination, Set 2, QP 1/2/2)",Original / Retained,SORTED
1-2-3_English Core.pdf,ENGLISH_CORE 4/1-2-3_English Core.pdf,Class 12/English (Core)/2025/Main Examination/Set 3/2025_Main_English_Core_QP1_2_3_Set3.pdf,2025_Main_English_Core_QP1_2_3_Set3.pdf,Class 12,English (Core),2025,Main Examination,1/2/3,3,ZYW2X,16,1d099c9553eb947ddb5fd905bb4a9b020409a1bc932534dca842e79b3c6eb07c,HIGH,1,Series: ZYW2X Roll No. SET - 3 Q.P.Code 1/2/3 Candidates must write the Q.P. Code on the title page of the answer-book. ENGLISH (Core) Time,"Class 12 English (Core) (2025 Main Examination, Set 3, QP 1/2/3)",Original / Retained,SORTED
1-4-1_English Core.pdf,ENGLISH_CORE 4/1-4-1_English Core.pdf,Class 12/English (Core)/2025/Main Examination/Set 1/2025_Main_English_Core_QP1_4_1_Set1.pdf,2025_Main_English_Core_QP1_4_1_Set1.pdf,Class 12,English (Core),2025,Main Examination,1/4/1,1,4YWZX,19,b487cf50eaad143713fa190c01c39ce958c4437cd90086c6d873a36466602fa9,HIGH,1,1/4/1 Page 1 of 19 # P.T.O. Candidates must write the Q.P. Code on the title page of the answer-book. Series : 4YWZX Set 1,"Class 12 English (Core) (2025 Main Examination, Set 1, QP 1/4/1)",Original / Retained,SORTED
1-4-2_English Core.pdf,ENGLISH_CORE 4/1-4-2_English Core.pdf,Class 12/English (Core)/2025/Main Examination/Set 2/2025_Main_English_Core_QP1_4_2_Set2.pdf,2025_Main_English_Core_QP1_4_2_Set2.pdf,Class 12,English (Core),2025,Main Examination,1/4/2,2,4YWZX,19,ce70d5d7bd3ac6e044e2a26ff711b6ae37ce18c0718966a394dd5ac17c87258d,HIGH,1,1/4/2 Page 1 of 19 # P.T.O. Candidates must write the Q.P. Code on the title page of the answer-book. Series : 4YWZX Set 2,"Class 12 English (Core) (2025 Main Examination, Set 2, QP 1/4/2)",Original / Retained,SORTED
1-4-3_English Core.pdf,ENGLISH_CORE 4/1-4-3_English Core.pdf,Class 12/English (Core)/2025/Main Examination/Set 3/2025_Main_English_Core_QP1_4_3_Set3.pdf,2025_Main_English_Core_QP1_4_3_Set3.pdf,Class 12,English (Core),2025,Main Examination,1/4/3,3,4YWZX,19,d288e0f9b8f44ba476a3fb67d4cf2c41e5907272fae71368ae4e80a44060f4a6,HIGH,1,1/4/3 Page 1 of 19 # P.T.O. Candidates must write the Q.P. Code on the title page of the answer-book. Series : 4YWZX Set 3,"Class 12 English (Core) (2025 Main Examination, Set 3, QP 1/4/3)",Original / Retained,SORTED
1-5-1_English Core.pdf,ENGLISH_CORE 4/1-5-1_English Core.pdf,Class 12/English (Core)/2025/Main Examination/Set 1/2025_Main_English_Core_QP1_5_1_Set1.pdf,2025_Main_English_Core_QP1_5_1_Set1.pdf,Class 12,English (Core),2025,Main Examination,1/5/1,1,ZYWX5,19,11f63481dff6572aaedf5597ddf9bd69318bd16aef31f2b5c388c0f4bd87d045,HIGH,1,1/5/1 Page 1 of 19 # P.T.O. Candidates must write the Q.P. Code on the title page of the answer-book. Series : ZYWX5 Set 1,"Class 12 English (Core) (2025 Main Examination, Set 1, QP 1/5/1)",Original / Retained,SORTED
1-5-2_English Core.pdf,ENGLISH_CORE 4/1-5-2_English Core.pdf,Class 12/English (Core)/2025/Main Examination/Set 2/2025_Main_English_Core_QP1_5_2_Set2.pdf,2025_Main_English_Core_QP1_5_2_Set2.pdf,Class 12,English (Core),2025,Main Examination,1/5/2,2,ZYWX5,19,70086db4b68a4861774bde708e320c5a528946ebfcc5bd3fa18472c880320c70,HIGH,1,1/5/2 Page 1 of 19 # P.T.O. Candidates must write the Q.P. Code on the title page of the answer-book. Series : ZYWX5 Set 2,"Class 12 English (Core) (2025 Main Examination, Set 2, QP 1/5/2)",Original / Retained,SORTED
1-5-3_English Core.pdf,ENGLISH_CORE 4/1-5-3_English Core.pdf,Class 12/English (Core)/2025/Main Examination/Set 3/2025_Main_English_Core_QP1_5_3_Set3.pdf,2025_Main_English_Core_QP1_5_3_Set3.pdf,Class 12,English (Core),2025,Main Examination,1/5/3,3,ZYWX5,19,1caa3b8349804cf0e8e91526098c24d834a0fbf243e06f2ac5e7dc78c555b62d,HIGH,1,1/5/3 Page 1 of 19 # P.T.O. Candidates must write the Q.P. Code on the title page of the answer-book. Series : ZYWX5 Set 3,"Class 12 English (Core) (2025 Main Examination, Set 3, QP 1/5/3)",Original / Retained,SORTED
1-6-1_English Core.pdf,ENGLISH_CORE 4/1-6-1_English Core.pdf,Class 12/English (Core)/2025/Main Examination/Set 1/2025_Main_English_Core_QP1_6_1_Set1.pdf,2025_Main_English_Core_QP1_6_1_Set1.pdf,Class 12,English (Core),2025,Main Examination,1/6/1,1,W6YXZ,19,2234c7553e5f4e9ac91f93588837ce6f997294810e9938ab0234a3c1bc687569,HIGH,1,1/6/1 Page 1 of 19 # P.T.O. Candidates must write the Q.P. Code on the title page of the answer-book. Series : W6YXZ Set 1,"Class 12 English (Core) (2025 Main Examination, Set 1, QP 1/6/1)",Original / Retained,SORTED
1-6-2_English Core.pdf,ENGLISH_CORE 4/1-6-2_English Core.pdf,Class 12/English (Core)/2025/Main Examination/Set 2/2025_Main_English_Core_QP1_6_2_Set2.pdf,2025_Main_English_Core_QP1_6_2_Set2.pdf,Class 12,English (Core),2025,Main Examination,1/6/2,2,W6YXZ,19,08aa93a5c57c794d5b835b6d4acb55415eb2ed32f2826d6470a47f8e2158524a,HIGH,1,1/6/2 Page 1 of 19 # P.T.O. Candidates must write the Q.P. Code on the title page of the answer-book. Series : W6YXZ Set 2,"Class 12 English (Core) (2025 Main Examination, Set 2, QP 1/6/2)",Original / Retained,SORTED
1-6-3_English Core.pdf,ENGLISH_CORE 4/1-6-3_English Core.pdf,Class 12/English (Core)/2025/Main Examination/Set 3/2025_Main_English_Core_QP1_6_3_Set3.pdf,2025_Main_English_Core_QP1_6_3_Set3.pdf,Class 12,English (Core),2025,Main Examination,1/6/3,3,W6YXZ,19,b27def8531cdebb4f29a1404b6add72b67318eb5e63b245834ff406cbc883e58,HIGH,1,1/6/3 Page 1 of 19 # P.T.O. Candidates must write the Q.P. Code on the title page of the answer-book. Series : W6YXZ Set 3,"Class 12 English (Core) (2025 Main Examination, Set 3, QP 1/6/3)",Original / Retained,SORTED
1-7-1_English Core.pdf,ENGLISH_CORE 4/1-7-1_English Core.pdf,Class 12/English (Core)/2025/Main Examination/Set 1/2025_Main_English_Core_QP1_7_1_Set1.pdf,2025_Main_English_Core_QP1_7_1_Set1.pdf,Class 12,English (Core),2025,Main Examination,1/7/1,1,ZX7YW,19,adde2831319ee26fa725506ed2164e93e74ccb6fb4269039a19558b5c95335c3,HIGH,1,1/7/1 Page 1 of 19 # P.T.O. Candidates must write the Q.P. Code on the title page of the answer-book. Series : ZX7YW Set 1,"Class 12 English (Core) (2025 Main Examination, Set 1, QP 1/7/1)",Original / Retained,SORTED
1-7-2_English Core.pdf,ENGLISH_CORE 4/1-7-2_English Core.pdf,Class 12/English (Core)/2025/Main Examination/Set 2/2025_Main_English_Core_QP1_7_2_Set2.pdf,2025_Main_English_Core_QP1_7_2_Set2.pdf,Class 12,English (Core),2025,Main Examination,1/7/2,2,ZX7YW,19,9cea2dec2b3c11ec8ad2a76aafc99fca9555226cc58776bf716c920987ae63f7,HIGH,1,1/7/2 Page 1 of 19 # P.T.O. Candidates must write the Q.P. Code on the title page of the answer-book. Series : ZX7YW Set 2,"Class 12 English (Core) (2025 Main Examination, Set 2, QP 1/7/2)",Original / Retained,SORTED
1-7-3_English Core.pdf,ENGLISH_CORE 4/1-7-3_English Core.pdf,Class 12/English (Core)/2025/Main Examination/Set 3/2025_Main_English_Core_QP1_7_3_Set3.pdf,2025_Main_English_Core_QP1_7_3_Set3.pdf,Class 12,English (Core),2025,Main Examination,1/7/3,3,ZX7YW,19,7bd6447c26700afcb92c06ed9aff62ff33da9bcd1cbd4a0082805400d76d71bb,HIGH,1,1/7/3 Page 1 of 19 # P.T.O. Candidates must write the Q.P. Code on the title page of the answer-book. Series : ZX7YW Set 3,"Class 12 English (Core) (2025 Main Examination, Set 3, QP 1/7/3)",Original / Retained,SORTED
1-3-1_Eng_lish Core.pdf,ENGLISH_CORE 6/1-3-1_Eng_lish Core.pdf,Class 12/English (Core)/2026/Main Examination/Set 1/2026_Main_English_Core_QP1_3_1_Set1.pdf,2026_Main_English_Core_QP1_3_1_Set1.pdf,Class 12,English (Core),2026,Main Examination,1/3/1,1,Q3SPR,19,c0cfac72bc436af35f806c53f124738568fe622bddb61bc615e3accf6ca00318,HIGH,1,666 1/3/1* 1 * P a g e P.T.O. Candidates must write the Q.P. Code on the title page of the answer-book. Series Q3SPR Q.P.,"Class 12 English (Core) (2026 Main Examination, Set 1, QP 1/3/1)",Duplicate of ENGLISH_CORE 7/1-3-1_Eng_lish Core.pdf,DELETED_DUPLICATE
1-3-2_Eng_lish Core.pdf,ENGLISH_CORE 6/1-3-2_Eng_lish Core.pdf,Class 12/English (Core)/2026/Main Examination/Set 2/2026_Main_English_Core_QP1_3_2_Set2.pdf,2026_Main_English_Core_QP1_3_2_Set2.pdf,Class 12,English (Core),2026,Main Examination,1/3/2,2,Q3SPR,19,ccb1076d2d95f0a7c521ab626f16acd0c5d0c98fa3d2a69a62595d04a00e4e81,HIGH,1,666 1/3/2* 1 * P a g e P.T.O. Candidates must write the Q.P. Code on the title page of the answer-book. Series Q3SPR Q.P.,"Class 12 English (Core) (2026 Main Examination, Set 2, QP 1/3/2)",Duplicate of ENGLISH_CORE 7/1-3-2_Eng_lish Core.pdf,DELETED_DUPLICATE
1-3-3_Eng_lish Core.pdf,ENGLISH_CORE 6/1-3-3_Eng_lish Core.pdf,Class 12/English (Core)/2026/Main Examination/Set 3/2026_Main_English_Core_QP1_3_3_Set3.pdf,2026_Main_English_Core_QP1_3_3_Set3.pdf,Class 12,English (Core),2026,Main Examination,1/3/3,3,Q3SPR,19,511bfe23b374037adf4088e69b84253ef257006f1520ade940cb1ec5a2027700,HIGH,1,666 1/3/3* 1 * P a g e P.T.O. Candidates must write the Q.P. Code on the title page of the answer-book. Series Q3SPR Q.P.,"Class 12 English (Core) (2026 Main Examination, Set 3, QP 1/3/3)",Duplicate of ENGLISH_CORE 7/1-3-3_Eng_lish Core.pdf,DELETED_DUPLICATE
1-4-1_Eng_lish Core.pdf,ENGLISH_CORE 6/1-4-1_Eng_lish Core.pdf,Class 12/English (Core)/2026/Main Examination/Set 1/2026_Main_English_Core_QP1_4_1_Set1.pdf,2026_Main_English_Core_QP1_4_1_Set1.pdf,Class 12,English (Core),2026,Main Examination,1/4/1,1,S4PRQ,19,8e5e992033a876ba8fa4886aff87da08781e532fe7c77bacf7f20081e87f3fa7,HIGH,1,666 1/4/1* 1 * P a g e P.T.O. Candidates must write the Q.P. Code on the title page of the answer-book. Series S4PRQ Q.P.,"Class 12 English (Core) (2026 Main Examination, Set 1, QP 1/4/1)",Duplicate of ENGLISH_CORE 7/1-4-1_Eng_lish Core.pdf,DELETED_DUPLICATE
1-4-2_Eng_lish Core.pdf,ENGLISH_CORE 6/1-4-2_Eng_lish Core.pdf,Class 12/English (Core)/2026/Main Examination/Set 2/2026_Main_English_Core_QP1_4_2_Set2.pdf,2026_Main_English_Core_QP1_4_2_Set2.pdf,Class 12,English (Core),2026,Main Examination,1/4/2,2,S4PRQ,19,3c37324eca119373b1820399e63b24903d626acbda07707a58bd268913253414,HIGH,1,666 1/4/2* 1 * P a g e P.T.O. Candidates must write the Q.P. Code on the title page of the answer-book. Series S4PRQ Q.P.,"Class 12 English (Core) (2026 Main Examination, Set 2, QP 1/4/2)",Duplicate of ENGLISH_CORE 7/1-4-2_Eng_lish Core.pdf,DELETED_DUPLICATE
1-4-3_Eng_lish Core.pdf,ENGLISH_CORE 6/1-4-3_Eng_lish Core.pdf,Class 12/English (Core)/2026/Main Examination/Set 3/2026_Main_English_Core_QP1_4_3_Set3.pdf,2026_Main_English_Core_QP1_4_3_Set3.pdf,Class 12,English (Core),2026,Main Examination,1/4/3,3,S4PRQ,19,abacb71f179b64b2093b8a434ad0626001290417123b35b6fd5821bc5ab5190e,HIGH,1,666 1/4/3* 1 * P a g e P.T.O. Candidates must write the Q.P. Code on the title page of the answer-book. Series S4PRQ Q.P.,"Class 12 English (Core) (2026 Main Examination, Set 3, QP 1/4/3)",Duplicate of ENGLISH_CORE 7/1-4-3_Eng_lish Core.pdf,DELETED_DUPLICATE
1-5-1_Eng_lish Core.pdf,ENGLISH_CORE 6/1-5-1_Eng_lish Core.pdf,Class 12/English (Core)/2026/Main Examination/Set 1/2026_Main_English_Core_QP1_5_1_Set1.pdf,2026_Main_English_Core_QP1_5_1_Set1.pdf,Class 12,English (Core),2026,Main Examination,1/5/1,1,S5RPQ,19,6fc3392c6dc25682e0357615563be4c7dd2bee7329304fad88b751513e317508,HIGH,1,666 1/5/1* 1 * P a g e P.T.O. Candidates must write the Q.P. Code on the title page of the answer-book. Series S5RPQ Q.P.,"Class 12 English (Core) (2026 Main Examination, Set 1, QP 1/5/1)",Duplicate of ENGLISH_CORE 7/1-5-1_Eng_lish Core.pdf,DELETED_DUPLICATE
1-5-2_Eng_lish Core.pdf,ENGLISH_CORE 6/1-5-2_Eng_lish Core.pdf,Class 12/English (Core)/2026/Main Examination/Set 2/2026_Main_English_Core_QP1_5_2_Set2.pdf,2026_Main_English_Core_QP1_5_2_Set2.pdf,Class 12,English (Core),2026,Main Examination,1/5/2,2,S5RPQ,19,aceb06b37eb58eefe4c1569cebf0ba973aae55d32d30a09ad5a2b1211b6be005,HIGH,1,666 1/5/2* 1 * P a g e P.T.O. Candidates must write the Q.P. Code on the title page of the answer-book. Series S5RPQ Q.P.,"Class 12 English (Core) (2026 Main Examination, Set 2, QP 1/5/2)",Duplicate of ENGLISH_CORE 7/1-5-2_Eng_lish Core.pdf,DELETED_DUPLICATE
1-5-3_Eng_lish Core.pdf,ENGLISH_CORE 6/1-5-3_Eng_lish Core.pdf,Class 12/English (Core)/2026/Main Examination/Set 3/2026_Main_English_Core_QP1_5_3_Set3.pdf,2026_Main_English_Core_QP1_5_3_Set3.pdf,Class 12,English (Core),2026,Main Examination,1/5/3,3,S5RPQ,19,976c2a0080582f78e2c0a4cf1dbbdb64f167eef6ebd4535223433a72cefe5f23,HIGH,1,666 1/5/3* 1 * P a g e P.T.O. Candidates must write the Q.P. Code on the title page of the answer-book. Series S5RPQ Q.P.,"Class 12 English (Core) (2026 Main Examination, Set 3, QP 1/5/3)",Duplicate of ENGLISH_CORE 7/1-5-3_Eng_lish Core.pdf,DELETED_DUPLICATE
2301-1_1-1-1_English (Core).pdf,ENGLISH_CORE 6/2301-1_1-1-1_English (Core).pdf,Class 12/English (Core)/2026/Main Examination/Set 1/2026_Main_English_Core_QP1_1_1_Set1.pdf,2026_Main_English_Core_QP1_1_1_Set1.pdf,Class 12,English (Core),2026,Main Examination,1/1/1,1,QR1SP,24,1ef936ecc13719d4c3a1b07033fd52836d06dde9ac51dff96e13f9d2d8d97027,HIGH,1,1/1/1* 1 * P a g e P.T.O. Series : QR1SP SET-1 Roll No. { } NOTE : (I) Please check that this question paper,"Class 12 English (Core) (2026 Main Examination, Set 1, QP 1/1/1)",Duplicate of ENGLISH_CORE 7/2301-1_1-1-1_English (Core).pdf,DELETED_DUPLICATE
2301-2_1-1-2_English (Core).pdf,ENGLISH_CORE 6/2301-2_1-1-2_English (Core).pdf,Class 12/English (Core)/2026/Main Examination/Set 2/2026_Main_English_Core_QP1_1_2_Set2.pdf,2026_Main_English_Core_QP1_1_2_Set2.pdf,Class 12,English (Core),2026,Main Examination,1/1/2,2,QR1SP,24,00aee93833aec219b857461f5e4cd0ecac9a5308aeea37c03f8990909b8ea84c,HIGH,1,1/1/2* 1 * P a g e P.T.O. Series : QR1SP SET-2 Roll No. { } NOTE : (I) Please check that this question paper,"Class 12 English (Core) (2026 Main Examination, Set 2, QP 1/1/2)",Duplicate of ENGLISH_CORE 7/2301-2_1-1-2_English (Core).pdf,DELETED_DUPLICATE
2301-3_1-1-3_English (Core).pdf,ENGLISH_CORE 6/2301-3_1-1-3_English (Core).pdf,Class 12/English (Core)/2026/Main Examination/Set 3/2026_Main_English_Core_QP1_1_3_Set3.pdf,2026_Main_English_Core_QP1_1_3_Set3.pdf,Class 12,English (Core),2026,Main Examination,1/1/3,3,QR1SP,24,9aaf75cc8cb825668eea0c8860b053af65b845e3b0a9c3b97244ccfd733e571a,HIGH,1,1/1/3* 1 * P a g e P.T.O. Series : QR1SP SET-3 Roll No. { } NOTE : (I) Please check that this question paper,"Class 12 English (Core) (2026 Main Examination, Set 3, QP 1/1/3)",Duplicate of ENGLISH_CORE 7/2301-3_1-1-3_English (Core).pdf,DELETED_DUPLICATE
2302-1_1-2-1_English (Core).pdf,ENGLISH_CORE 6/2302-1_1-2-1_English (Core).pdf,Class 12/English (Core)/2026/Main Examination/Set 1/2026_Main_English_Core_QP1_2_1_Set1.pdf,2026_Main_English_Core_QP1_2_1_Set1.pdf,Class 12,English (Core),2026,Main Examination,1/2/1,1,S2RPQ,24,353be58610eb7aea1d935498f47647a581de0ba52832c82f0a4fe2764e6e83c5,HIGH,1,1/2/1* 1 * P a g e P.T.O. Series : S2RPQ SET-1 Roll No. { } NOTE : (I) Please check that this question paper,"Class 12 English (Core) (2026 Main Examination, Set 1, QP 1/2/1)",Duplicate of ENGLISH_CORE 7/2302-1_1-2-1_English (Core).pdf,DELETED_DUPLICATE
2302-2_1-2-2_English (Core).pdf,ENGLISH_CORE 6/2302-2_1-2-2_English (Core).pdf,Class 12/English (Core)/2026/Main Examination/Set 2/2026_Main_English_Core_QP1_2_2_Set2.pdf,2026_Main_English_Core_QP1_2_2_Set2.pdf,Class 12,English (Core),2026,Main Examination,1/2/2,2,S2RPQ,24,5b638cc11b2691f96d8699786ac49d83b66afe001c6655c004cd6ba2bc5a864f,HIGH,1,1/2/2* 1 * P a g e P.T.O. Series : S2RPQ SET-2 Roll No. { } NOTE : (I) Please check that this question paper,"Class 12 English (Core) (2026 Main Examination, Set 2, QP 1/2/2)",Duplicate of ENGLISH_CORE 7/2302-2_1-2-2_English (Core).pdf,DELETED_DUPLICATE
2302-3_1-2-3_English (Core).pdf,ENGLISH_CORE 6/2302-3_1-2-3_English (Core).pdf,Class 12/English (Core)/2026/Main Examination/Set 3/2026_Main_English_Core_QP1_2_3_Set3.pdf,2026_Main_English_Core_QP1_2_3_Set3.pdf,Class 12,English (Core),2026,Main Examination,1/2/3,3,S2RPQ,24,43a2db7add8b38fc94c1fbd081d80d3607aa75b4735659644c7cf920c4e6049d,HIGH,1,1/2/3* 1 * P a g e P.T.O. Series : S2RPQ SET-3 Roll No. { } NOTE : (I) Please check that this question paper,"Class 12 English (Core) (2026 Main Examination, Set 3, QP 1/2/3)",Duplicate of ENGLISH_CORE 7/2302-3_1-2-3_English (Core).pdf,DELETED_DUPLICATE
1-3-1_Eng_lish Core.pdf,ENGLISH_CORE 7/1-3-1_Eng_lish Core.pdf,Class 12/English (Core)/2026/Main Examination/Set 1/2026_Main_English_Core_QP1_3_1_Set1.pdf,2026_Main_English_Core_QP1_3_1_Set1.pdf,Class 12,English (Core),2026,Main Examination,1/3/1,1,Q3SPR,19,c0cfac72bc436af35f806c53f124738568fe622bddb61bc615e3accf6ca00318,HIGH,1,666 1/3/1* 1 * P a g e P.T.O. Candidates must write the Q.P. Code on the title page of the answer-book. Series Q3SPR Q.P.,"Class 12 English (Core) (2026 Main Examination, Set 1, QP 1/3/1)",Original / Retained,SORTED
1-3-2_Eng_lish Core.pdf,ENGLISH_CORE 7/1-3-2_Eng_lish Core.pdf,Class 12/English (Core)/2026/Main Examination/Set 2/2026_Main_English_Core_QP1_3_2_Set2.pdf,2026_Main_English_Core_QP1_3_2_Set2.pdf,Class 12,English (Core),2026,Main Examination,1/3/2,2,Q3SPR,19,ccb1076d2d95f0a7c521ab626f16acd0c5d0c98fa3d2a69a62595d04a00e4e81,HIGH,1,666 1/3/2* 1 * P a g e P.T.O. Candidates must write the Q.P. Code on the title page of the answer-book. Series Q3SPR Q.P.,"Class 12 English (Core) (2026 Main Examination, Set 2, QP 1/3/2)",Original / Retained,SORTED
1-3-3_Eng_lish Core.pdf,ENGLISH_CORE 7/1-3-3_Eng_lish Core.pdf,Class 12/English (Core)/2026/Main Examination/Set 3/2026_Main_English_Core_QP1_3_3_Set3.pdf,2026_Main_English_Core_QP1_3_3_Set3.pdf,Class 12,English (Core),2026,Main Examination,1/3/3,3,Q3SPR,19,511bfe23b374037adf4088e69b84253ef257006f1520ade940cb1ec5a2027700,HIGH,1,666 1/3/3* 1 * P a g e P.T.O. Candidates must write the Q.P. Code on the title page of the answer-book. Series Q3SPR Q.P.,"Class 12 English (Core) (2026 Main Examination, Set 3, QP 1/3/3)",Original / Retained,SORTED
1-4-1_Eng_lish Core.pdf,ENGLISH_CORE 7/1-4-1_Eng_lish Core.pdf,Class 12/English (Core)/2026/Main Examination/Set 1/2026_Main_English_Core_QP1_4_1_Set1.pdf,2026_Main_English_Core_QP1_4_1_Set1.pdf,Class 12,English (Core),2026,Main Examination,1/4/1,1,S4PRQ,19,8e5e992033a876ba8fa4886aff87da08781e532fe7c77bacf7f20081e87f3fa7,HIGH,1,666 1/4/1* 1 * P a g e P.T.O. Candidates must write the Q.P. Code on the title page of the answer-book. Series S4PRQ Q.P.,"Class 12 English (Core) (2026 Main Examination, Set 1, QP 1/4/1)",Original / Retained,SORTED
1-4-2_Eng_lish Core.pdf,ENGLISH_CORE 7/1-4-2_Eng_lish Core.pdf,Class 12/English (Core)/2026/Main Examination/Set 2/2026_Main_English_Core_QP1_4_2_Set2.pdf,2026_Main_English_Core_QP1_4_2_Set2.pdf,Class 12,English (Core),2026,Main Examination,1/4/2,2,S4PRQ,19,3c37324eca119373b1820399e63b24903d626acbda07707a58bd268913253414,HIGH,1,666 1/4/2* 1 * P a g e P.T.O. Candidates must write the Q.P. Code on the title page of the answer-book. Series S4PRQ Q.P.,"Class 12 English (Core) (2026 Main Examination, Set 2, QP 1/4/2)",Original / Retained,SORTED
1-4-3_Eng_lish Core.pdf,ENGLISH_CORE 7/1-4-3_Eng_lish Core.pdf,Class 12/English (Core)/2026/Main Examination/Set 3/2026_Main_English_Core_QP1_4_3_Set3.pdf,2026_Main_English_Core_QP1_4_3_Set3.pdf,Class 12,English (Core),2026,Main Examination,1/4/3,3,S4PRQ,19,abacb71f179b64b2093b8a434ad0626001290417123b35b6fd5821bc5ab5190e,HIGH,1,666 1/4/3* 1 * P a g e P.T.O. Candidates must write the Q.P. Code on the title page of the answer-book. Series S4PRQ Q.P.,"Class 12 English (Core) (2026 Main Examination, Set 3, QP 1/4/3)",Original / Retained,SORTED
1-5-1_Eng_lish Core.pdf,ENGLISH_CORE 7/1-5-1_Eng_lish Core.pdf,Class 12/English (Core)/2026/Main Examination/Set 1/2026_Main_English_Core_QP1_5_1_Set1.pdf,2026_Main_English_Core_QP1_5_1_Set1.pdf,Class 12,English (Core),2026,Main Examination,1/5/1,1,S5RPQ,19,6fc3392c6dc25682e0357615563be4c7dd2bee7329304fad88b751513e317508,HIGH,1,666 1/5/1* 1 * P a g e P.T.O. Candidates must write the Q.P. Code on the title page of the answer-book. Series S5RPQ Q.P.,"Class 12 English (Core) (2026 Main Examination, Set 1, QP 1/5/1)",Original / Retained,SORTED
1-5-2_Eng_lish Core.pdf,ENGLISH_CORE 7/1-5-2_Eng_lish Core.pdf,Class 12/English (Core)/2026/Main Examination/Set 2/2026_Main_English_Core_QP1_5_2_Set2.pdf,2026_Main_English_Core_QP1_5_2_Set2.pdf,Class 12,English (Core),2026,Main Examination,1/5/2,2,S5RPQ,19,aceb06b37eb58eefe4c1569cebf0ba973aae55d32d30a09ad5a2b1211b6be005,HIGH,1,666 1/5/2* 1 * P a g e P.T.O. Candidates must write the Q.P. Code on the title page of the answer-book. Series S5RPQ Q.P.,"Class 12 English (Core) (2026 Main Examination, Set 2, QP 1/5/2)",Original / Retained,SORTED
1-5-3_Eng_lish Core.pdf,ENGLISH_CORE 7/1-5-3_Eng_lish Core.pdf,Class 12/English (Core)/2026/Main Examination/Set 3/2026_Main_English_Core_QP1_5_3_Set3.pdf,2026_Main_English_Core_QP1_5_3_Set3.pdf,Class 12,English (Core),2026,Main Examination,1/5/3,3,S5RPQ,19,976c2a0080582f78e2c0a4cf1dbbdb64f167eef6ebd4535223433a72cefe5f23,HIGH,1,666 1/5/3* 1 * P a g e P.T.O. Candidates must write the Q.P. Code on the title page of the answer-book. Series S5RPQ Q.P.,"Class 12 English (Core) (2026 Main Examination, Set 3, QP 1/5/3)",Original / Retained,SORTED
2301-1_1-1-1_English (Core).pdf,ENGLISH_CORE 7/2301-1_1-1-1_English (Core).pdf,Class 12/English (Core)/2026/Main Examination/Set 1/2026_Main_English_Core_QP1_1_1_Set1.pdf,2026_Main_English_Core_QP1_1_1_Set1.pdf,Class 12,English (Core),2026,Main Examination,1/1/1,1,QR1SP,24,1ef936ecc13719d4c3a1b07033fd52836d06dde9ac51dff96e13f9d2d8d97027,HIGH,1,1/1/1* 1 * P a g e P.T.O. Series : QR1SP SET-1 Roll No. { } NOTE : (I) Please check that this question paper,"Class 12 English (Core) (2026 Main Examination, Set 1, QP 1/1/1)",Original / Retained,SORTED
2301-2_1-1-2_English (Core).pdf,ENGLISH_CORE 7/2301-2_1-1-2_English (Core).pdf,Class 12/English (Core)/2026/Main Examination/Set 2/2026_Main_English_Core_QP1_1_2_Set2.pdf,2026_Main_English_Core_QP1_1_2_Set2.pdf,Class 12,English (Core),2026,Main Examination,1/1/2,2,QR1SP,24,00aee93833aec219b857461f5e4cd0ecac9a5308aeea37c03f8990909b8ea84c,HIGH,1,1/1/2* 1 * P a g e P.T.O. Series : QR1SP SET-2 Roll No. { } NOTE : (I) Please check that this question paper,"Class 12 English (Core) (2026 Main Examination, Set 2, QP 1/1/2)",Original / Retained,SORTED
2301-3_1-1-3_English (Core).pdf,ENGLISH_CORE 7/2301-3_1-1-3_English (Core).pdf,Class 12/English (Core)/2026/Main Examination/Set 3/2026_Main_English_Core_QP1_1_3_Set3.pdf,2026_Main_English_Core_QP1_1_3_Set3.pdf,Class 12,English (Core),2026,Main Examination,1/1/3,3,QR1SP,24,9aaf75cc8cb825668eea0c8860b053af65b845e3b0a9c3b97244ccfd733e571a,HIGH,1,1/1/3* 1 * P a g e P.T.O. Series : QR1SP SET-3 Roll No. { } NOTE : (I) Please check that this question paper,"Class 12 English (Core) (2026 Main Examination, Set 3, QP 1/1/3)",Original / Retained,SORTED
2302-1_1-2-1_English (Core).pdf,ENGLISH_CORE 7/2302-1_1-2-1_English (Core).pdf,Class 12/English (Core)/2026/Main Examination/Set 1/2026_Main_English_Core_QP1_2_1_Set1.pdf,2026_Main_English_Core_QP1_2_1_Set1.pdf,Class 12,English (Core),2026,Main Examination,1/2/1,1,S2RPQ,24,353be58610eb7aea1d935498f47647a581de0ba52832c82f0a4fe2764e6e83c5,HIGH,1,1/2/1* 1 * P a g e P.T.O. Series : S2RPQ SET-1 Roll No. { } NOTE : (I) Please check that this question paper,"Class 12 English (Core) (2026 Main Examination, Set 1, QP 1/2/1)",Original / Retained,SORTED
2302-2_1-2-2_English (Core).pdf,ENGLISH_CORE 7/2302-2_1-2-2_English (Core).pdf,Class 12/English (Core)/2026/Main Examination/Set 2/2026_Main_English_Core_QP1_2_2_Set2.pdf,2026_Main_English_Core_QP1_2_2_Set2.pdf,Class 12,English (Core),2026,Main Examination,1/2/2,2,S2RPQ,24,5b638cc11b2691f96d8699786ac49d83b66afe001c6655c004cd6ba2bc5a864f,HIGH,1,1/2/2* 1 * P a g e P.T.O. Series : S2RPQ SET-2 Roll No. { } NOTE : (I) Please check that this question paper,"Class 12 English (Core) (2026 Main Examination, Set 2, QP 1/2/2)",Original / Retained,SORTED
2302-3_1-2-3_English (Core).pdf,ENGLISH_CORE 7/2302-3_1-2-3_English (Core).pdf,Class 12/English (Core)/2026/Main Examination/Set 3/2026_Main_English_Core_QP1_2_3_Set3.pdf,2026_Main_English_Core_QP1_2_3_Set3.pdf,Class 12,English (Core),2026,Main Examination,1/2/3,3,S2RPQ,24,43a2db7add8b38fc94c1fbd081d80d3607aa75b4735659644c7cf920c4e6049d,HIGH,1,1/2/3* 1 * P a g e P.T.O. Series : S2RPQ SET-3 Roll No. { } NOTE : (I) Please check that this question paper,"Class 12 English (Core) (2026 Main Examination, Set 3, QP 1/2/3)",Original / Retained,SORTED
1-7-1.pdf,ENGLISH_CORE 8/1-7-1.pdf,Class 12/English (Core)/2026/Supplementary Examination/Set 1/2026_Supplementary_English_Core_QP1_7_1_Set1.pdf,2026_Supplementary_English_Core_QP1_7_1_Set1.pdf,Class 12,English (Core),2026,Supplementary Examination,1/7/1,1,S7PQR,19,fc58721014db2fb99c264f8f719ce7d96f3d8a68c46e4bfb20accb16e5576168,HIGH,1,1/7/1 # 1 # P.T.O. Candidates must write the Q.P. Code on the title page of the answer-book. Series : S7PQR SET ~ 1 Roll,"Class 12 English (Core) (2026 Supplementary Examination, Set 1, QP 1/7/1)",Original / Retained,SORTED
1-7-2.pdf,ENGLISH_CORE 8/1-7-2.pdf,Class 12/English (Core)/2026/Supplementary Examination/Set 2/2026_Supplementary_English_Core_QP1_7_2_Set2.pdf,2026_Supplementary_English_Core_QP1_7_2_Set2.pdf,Class 12,English (Core),2026,Supplementary Examination,1/7/2,2,S7PQR,19,062e5ce6fa6d60d54261645da795b9e95a33be36f1ca2974878c404b38e86791,HIGH,1,1/7/2 # 1 # P.T.O. Candidates must write the Q.P. Code on the title page of the answer-book. Series : S7PQR SET ~ 2 Roll,"Class 12 English (Core) (2026 Supplementary Examination, Set 2, QP 1/7/2)",Original / Retained,SORTED
1-7-3.pdf,ENGLISH_CORE 8/1-7-3.pdf,Class 12/English (Core)/2026/Supplementary Examination/Set 3/2026_Supplementary_English_Core_QP1_7_3_Set3.pdf,2026_Supplementary_English_Core_QP1_7_3_Set3.pdf,Class 12,English (Core),2026,Supplementary Examination,1/7/3,3,S7PQR,19,36ca496659624febd7b930da8afc3a2d5ce64792b8613e4959eeacb1e88dc561,HIGH,1,1/7/3 # 1 # P.T.O. Candidates must write the Q.P. Code on the title page of the answer-book. Series : S7PQR SET ~ 3 Roll,"Class 12 English (Core) (2026 Supplementary Examination, Set 3, QP 1/7/3)",Original / Retained,SORTED
1-1-1 ENGLISH (Core).pdf,ENGLISH_CORE/1-1-1 ENGLISH (Core).pdf,Class 12/English (Core)/2023/Main Examination/Set 1/2023_Main_English_Core_QP1_1_1_Set1.pdf,2023_Main_English_Core_QP1_1_1_Set1.pdf,Class 12,English (Core),2023,Main Examination,1/1/1,1,FH1EG/1,19,1315e424d1d27e543158d7e6b186396de893cfae6c47202ece046ae28569ca8a,HIGH,1,1/1/1 H 1 H P.T.O. Candidates must write the Q.P. Code on the title page of the answer-book. Series FH1EG/1 SET~1 Q.P. Code Roll No.,"Class 12 English (Core) (2023 Main Examination, Set 1, QP 1/1/1)",Original / Retained,SORTED
1-1-2 ENGLISH (Core).pdf,ENGLISH_CORE/1-1-2 ENGLISH (Core).pdf,Class 12/English (Core)/2023/Main Examination/Set 2/2023_Main_English_Core_QP1_1_2_Set2.pdf,2023_Main_English_Core_QP1_1_2_Set2.pdf,Class 12,English (Core),2023,Main Examination,1/1/2,2,FH1EG/1,19,891d6372c6f21a50eaadd7bbb9407fbc6329d937723168106a02408356da24c4,HIGH,1,1/1/2 H 1 H P.T.O. Candidates must write the Q.P. Code on the title page of the answer-book. Series FH1EG/1 SET~2 Q.P. Code Roll No.,"Class 12 English (Core) (2023 Main Examination, Set 2, QP 1/1/2)",Original / Retained,SORTED
1-1-3 ENGLISH (Core).pdf,ENGLISH_CORE/1-1-3 ENGLISH (Core).pdf,Class 12/English (Core)/2023/Main Examination/Set 3/2023_Main_English_Core_QP1_1_3_Set3.pdf,2023_Main_English_Core_QP1_1_3_Set3.pdf,Class 12,English (Core),2023,Main Examination,1/1/3,3,FH1EG/1,19,ca0d1735e0b3994514a67d5afef1708c564d62814b3a1949f95da69494830cf8,HIGH,1,1/1/3 H 1 H P.T.O. Candidates must write the Q.P. Code on the title page of the answer-book. Series FH1EG/1 SET~3 Q.P. Code Roll No.,"Class 12 English (Core) (2023 Main Examination, Set 3, QP 1/1/3)",Original / Retained,SORTED
1-2-1 (English Core).pdf,ENGLISH_CORE/1-2-1 (English Core).pdf,Class 12/English (Core)/2023/Main Examination/Set 1/2023_Main_English_Core_QP1_2_1_Set1.pdf,2023_Main_English_Core_QP1_2_1_Set1.pdf,Class 12,English (Core),2023,Main Examination,1/2/1,1,FH1EG/2,16,01bb590044a57bfccb94fb6bcb83a8aed1f8dbe379a5eb3b199e1d198464ac87,HIGH,1,1/2/1 1 P.T.O. ^ ^ Series FH1EG/2 SET ~ 1 Roll No.  Please check that this question paper contains 15 printed pages.  Q.P.,"Class 12 English (Core) (2023 Main Examination, Set 1, QP 1/2/1)",Original / Retained,SORTED
1-2-2 (English Core).pdf,ENGLISH_CORE/1-2-2 (English Core).pdf,Class 12/English (Core)/2023/Main Examination/Set 2/2023_Main_English_Core_QP1_2_2_Set2.pdf,2023_Main_English_Core_QP1_2_2_Set2.pdf,Class 12,English (Core),2023,Main Examination,1/2/2,2,FH1EG/2,16,1805a22b44e5164976f71bcd6adca25fe773c3c63f7665b2e502c8266a4f7cb0,HIGH,1,1/2/2 1 P.T.O. ^ ^ Series FH1EG/2 SET ~ 2 Roll No.  Please check that this question paper contains 15 printed pages.  Q.P.,"Class 12 English (Core) (2023 Main Examination, Set 2, QP 1/2/2)",Original / Retained,SORTED
1-2-3 (English Core).pdf,ENGLISH_CORE/1-2-3 (English Core).pdf,Class 12/English (Core)/2023/Main Examination/Set 3/2023_Main_English_Core_QP1_2_3_Set3.pdf,2023_Main_English_Core_QP1_2_3_Set3.pdf,Class 12,English (Core),2023,Main Examination,1/2/3,3,FH1EG/2,16,2fa1e594779c1edc9a18c4fb793b1d69a161cb5bf24c04fcf1c2a684fc58273a,HIGH,1,1/2/3 1 P.T.O. ^ ^ Series FH1EG/2 SET ~ 3 Roll No.  Please check that this question paper contains 15 printed pages.  Q.P.,"Class 12 English (Core) (2023 Main Examination, Set 3, QP 1/2/3)",Original / Retained,SORTED
1-3-1 ENGLISH (Core).pdf,ENGLISH_CORE/1-3-1 ENGLISH (Core).pdf,Class 12/English (Core)/2023/Main Examination/Set 1/2023_Main_English_Core_QP1_3_1_Set1.pdf,2023_Main_English_Core_QP1_3_1_Set1.pdf,Class 12,English (Core),2023,Main Examination,1/3/1,1,FH1EG/3,19,277a75f523ac407ca671dd5e78c79c540f3c2199d52039a7e63f3664913e1b61,HIGH,1,1/3/1 H 1 H P.T.O. Candidates must write the Q.P. Code on the title page of the answer-book. Series FH1EG/3 SET~1 Q.P. Code Roll No.,"Class 12 English (Core) (2023 Main Examination, Set 1, QP 1/3/1)",Original / Retained,SORTED
1-3-2 ENGLISH (Core).pdf,ENGLISH_CORE/1-3-2 ENGLISH (Core).pdf,Class 12/English (Core)/2023/Main Examination/Set 2/2023_Main_English_Core_QP1_3_2_Set2.pdf,2023_Main_English_Core_QP1_3_2_Set2.pdf,Class 12,English (Core),2023,Main Examination,1/3/2,2,FH1EG/3,19,192e311bc08d20f51d9d566276cdf4d957c8e7dec0d99b7cc8fdd5eed05a0785,HIGH,1,1/3/2 H 1 H P.T.O. Candidates must write the Q.P. Code on the title page of the answer-book. Series FH1EG/3 SET~2 Q.P. Code Roll No.,"Class 12 English (Core) (2023 Main Examination, Set 2, QP 1/3/2)",Original / Retained,SORTED
1-3-3 ENGLISH (Core).pdf,ENGLISH_CORE/1-3-3 ENGLISH (Core).pdf,Class 12/English (Core)/2023/Main Examination/Set 3/2023_Main_English_Core_QP1_3_3_Set3.pdf,2023_Main_English_Core_QP1_3_3_Set3.pdf,Class 12,English (Core),2023,Main Examination,1/3/3,3,FH1EG/3,19,9b2ba9f7dbfb94a5862a3099dfc262666c24b27a9f6e59dd33aac0f25c169744,HIGH,1,1/3/3 H 1 H P.T.O. Candidates must write the Q.P. Code on the title page of the answer-book. Series FH1EG/3 SET~3 Q.P. Code Roll No.,"Class 12 English (Core) (2023 Main Examination, Set 3, QP 1/3/3)",Original / Retained,SORTED
1-4-1 ENGLISH (Core).pdf,ENGLISH_CORE/1-4-1 ENGLISH (Core).pdf,Class 12/English (Core)/2023/Main Examination/Set 1/2023_Main_English_Core_QP1_4_1_Set1.pdf,2023_Main_English_Core_QP1_4_1_Set1.pdf,Class 12,English (Core),2023,Main Examination,1/4/1,1,FH1EG/4,19,5b96555e0d16e53278fd666602a94848ab7df46b73e3debcf326387f5843d2d0,HIGH,1,1/4/1 H 1 H P.T.O. Candidates must write the Q.P. Code on the title page of the answer-book. Series FH1EG/4 SET~1 Q.P. Code Roll No.,"Class 12 English (Core) (2023 Main Examination, Set 1, QP 1/4/1)",Original / Retained,SORTED
1-4-2 ENGLISH (Core).pdf,ENGLISH_CORE/1-4-2 ENGLISH (Core).pdf,Class 12/English (Core)/2023/Main Examination/Set 2/2023_Main_English_Core_QP1_4_2_Set2.pdf,2023_Main_English_Core_QP1_4_2_Set2.pdf,Class 12,English (Core),2023,Main Examination,1/4/2,2,FH1EG/4,19,b35044eda8fa33ad84af1fce5f68496b12b84db16427fb049e22fc94051bed44,HIGH,1,1/4/2 H 1 H P.T.O. Candidates must write the Q.P. Code on the title page of the answer-book. Series FH1EG/4 SET~2 Q.P. Code Roll No.,"Class 12 English (Core) (2023 Main Examination, Set 2, QP 1/4/2)",Original / Retained,SORTED
1-4-3 ENGLISH (Core).pdf,ENGLISH_CORE/1-4-3 ENGLISH (Core).pdf,Class 12/English (Core)/2023/Main Examination/Set 3/2023_Main_English_Core_QP1_4_3_Set3.pdf,2023_Main_English_Core_QP1_4_3_Set3.pdf,Class 12,English (Core),2023,Main Examination,1/4/3,3,FH1EG/4,19,1134aa393a812f9ff618a334889f104927e1255ab85a543bfce2f1a645759c00,HIGH,1,1/4/3 H 1 H P.T.O. Candidates must write the Q.P. Code on the title page of the answer-book. Series FH1EG/4 SET~3 Q.P. Code Roll No.,"Class 12 English (Core) (2023 Main Examination, Set 3, QP 1/4/3)",Original / Retained,SORTED
1-5-1 (English Core).pdf,ENGLISH_CORE/1-5-1 (English Core).pdf,Class 12/English (Core)/2023/Main Examination/Set 1/2023_Main_English_Core_QP1_5_1_Set1.pdf,2023_Main_English_Core_QP1_5_1_Set1.pdf,Class 12,English (Core),2023,Main Examination,1/5/1,1,FH1EG/5,16,f18f226696cc54f10e9cb94b68bbdc3527a7be218f5c52bfa92464eebf40e41a,HIGH,1,1/5/1 1 P.T.O. ^ ^ Series FH1EG/5 SET ~ 1 Roll No.  Please check that this question paper contains 15 printed pages.  Q.P.,"Class 12 English (Core) (2023 Main Examination, Set 1, QP 1/5/1)",Original / Retained,SORTED
1-5-2 (English Core).pdf,ENGLISH_CORE/1-5-2 (English Core).pdf,Class 12/English (Core)/2023/Main Examination/Set 2/2023_Main_English_Core_QP1_5_2_Set2.pdf,2023_Main_English_Core_QP1_5_2_Set2.pdf,Class 12,English (Core),2023,Main Examination,1/5/2,2,FH1EG/5,16,b1092806f8a39ffc08b7dd00b21e4028bef61ad0540c0e88f13cc9148fbda84d,HIGH,1,1/5/2 1 P.T.O. ^ ^ Series FH1EG/5 SET ~ 2 Roll No.  Please check that this question paper contains 15 printed pages.  Q.P.,"Class 12 English (Core) (2023 Main Examination, Set 2, QP 1/5/2)",Original / Retained,SORTED
1-5-3 (English Core).pdf,ENGLISH_CORE/1-5-3 (English Core).pdf,Class 12/English (Core)/2023/Main Examination/Set 3/2023_Main_English_Core_QP1_5_3_Set3.pdf,2023_Main_English_Core_QP1_5_3_Set3.pdf,Class 12,English (Core),2023,Main Examination,1/5/3,3,FH1EG/5,16,4f04b6bf80c7831401ec0b2e14fbc0b67e8475972911ecf092e596c34901cab4,HIGH,1,1/5/3 1 P.T.O. ^ ^ Series FH1EG/5 SET ~ 3 Roll No.  Please check that this question paper contains 15 printed pages.  Q.P.,"Class 12 English (Core) (2023 Main Examination, Set 3, QP 1/5/3)",Original / Retained,SORTED
2-S-1 English L&L.pdf,ENGLISH_L&L (1)/2-S-1 English L&L.pdf,Class 10/English (Language and Literature)/2024/Supplementary Examination/Set 1/2024_Supplementary_English_Language_and_Literature_QP2_S_1_Set1.pdf,2024_Supplementary_English_Language_and_Literature_QP2_S_1_Set1.pdf,Class 10,English (Language and Literature),2024,Supplementary Examination,2/S/1,1,#CDBA/S,19,968b5191385455962e5256c21fc68f3b22a1e9ec69fbc37231ddd0b266e98015,HIGH,1,2/S/1 1 P.T.O. Candidates must write the Q.P. Code on the title page of the answer-book. Series #CDBA/S SET-1 Q.P. Code Roll No. NOTE (I),"Class 10 English (Language and Literature) (2024 Supplementary Examination, Set 1, QP 2/S/1)",Original / Retained,SORTED
2-S-2 English L&L.pdf,ENGLISH_L&L (1)/2-S-2 English L&L.pdf,Class 10/English (Language and Literature)/2024/Supplementary Examination/Set 2/2024_Supplementary_English_Language_and_Literature_QP2_S_2_Set2.pdf,2024_Supplementary_English_Language_and_Literature_QP2_S_2_Set2.pdf,Class 10,English (Language and Literature),2024,Supplementary Examination,2/S/2,2,#CDBA/S,19,a4d71e99018ba78634683168c332f208388a9e1c4af2f4dc9d4e09a96d954caa,HIGH,1,2/S/2 1 P.T.O. Candidates must write the Q.P. Code on the title page of the answer-book. Series #CDBA/S SET-2 Q.P. Code Roll No. NOTE (I),"Class 10 English (Language and Literature) (2024 Supplementary Examination, Set 2, QP 2/S/2)",Original / Retained,SORTED
2-S-3 English L&L.pdf,ENGLISH_L&L (1)/2-S-3 English L&L.pdf,Class 10/English (Language and Literature)/2024/Supplementary Examination/Set 3/2024_Supplementary_English_Language_and_Literature_QP2_S_3_Set3.pdf,2024_Supplementary_English_Language_and_Literature_QP2_S_3_Set3.pdf,Class 10,English (Language and Literature),2024,Supplementary Examination,2/S/3,3,#CDBA/S,19,c6440715327e68e378b1066a700ced2b0c9a3377f779d8a228e91d7ac235876c,HIGH,1,2/S/3 1 P.T.O. Candidates must write the Q.P. Code on the title page of the answer-book. Series #CDBA/S SET-3 Q.P. Code Roll No. NOTE (I),"Class 10 English (Language and Literature) (2024 Supplementary Examination, Set 3, QP 2/S/3)",Original / Retained,SORTED
2_1_1_English L & L.pdf,ENGLISH_L&L 2/2_1_1_English L & L.pdf,Class 10/English (Language and Literature)/2024/Main Examination/Set 1/2024_Main_English_Language_and_Literature_QP2_1_1_Set1.pdf,2024_Main_English_Language_and_Literature_QP2_1_1_Set1.pdf,Class 10,English (Language and Literature),2024,Main Examination,2/1/1,1,DDCC3/1,16,c743e46b2c48823bd56c3c2f8c4f5b300d88b6930a912d21bb6ee5e6e700c08b,HIGH,1,Series DDCC3/1 Roll No. SET-1 Q.P.Code 2/1/1 Candidates must write the Q.P. Code on the title page of the answer-book. NOTE (I) Please check that,"Class 10 English (Language and Literature) (2024 Main Examination, Set 1, QP 2/1/1)",Original / Retained,SORTED
2_1_2_English L & L.pdf,ENGLISH_L&L 2/2_1_2_English L & L.pdf,Class 10/English (Language and Literature)/2024/Main Examination/Set 2/2024_Main_English_Language_and_Literature_QP2_1_2_Set2.pdf,2024_Main_English_Language_and_Literature_QP2_1_2_Set2.pdf,Class 10,English (Language and Literature),2024,Main Examination,2/1/2,2,DDCC3/1,16,b09a8c271a10026428f1f652c69286481f6fa946909128e8b9f587e778ce3838,HIGH,1,Series DDCC3/1 Roll No. SET-2 Q.P.Code 2/1/2 Candidates must write the Q.P. Code on the title page of the answer-book. NOTE (I) Please check that,"Class 10 English (Language and Literature) (2024 Main Examination, Set 2, QP 2/1/2)",Original / Retained,SORTED
2_1_3_English L & L.pdf,ENGLISH_L&L 2/2_1_3_English L & L.pdf,Class 10/English (Language and Literature)/2024/Main Examination/Set 3/2024_Main_English_Language_and_Literature_QP2_1_3_Set3.pdf,2024_Main_English_Language_and_Literature_QP2_1_3_Set3.pdf,Class 10,English (Language and Literature),2024,Main Examination,2/1/3,3,DDCC3/1,16,790ede99dda515173a7d96ee5032fd6e0e7ebd5c57b39f001f88207329bbd0c2,HIGH,1,Series DDCC3/1 Roll No. SET-3 Q.P.Code 2/1/3 Candidates must write the Q.P. Code on the title page of the answer-book. NOTE (I) Please check that,"Class 10 English (Language and Literature) (2024 Main Examination, Set 3, QP 2/1/3)",Original / Retained,SORTED
2_2_1_English L & L.pdf,ENGLISH_L&L 2/2_2_1_English L & L.pdf,Class 10/English (Language and Literature)/2024/Main Examination/Set 1/2024_Main_English_Language_and_Literature_QP2_2_1_Set1.pdf,2024_Main_English_Language_and_Literature_QP2_2_1_Set1.pdf,Class 10,English (Language and Literature),2024,Main Examination,2/2/1,1,BADC2/2,16,5d697e7989fbdc7aecdef43be08fd0ffeb6bbbaf8d2736e93a52ab6f841295c8,HIGH,1,Series BADC2/2 Roll No. SET-1 Q.P. Code 2/2/1 Candidates must write the Q.P. Code on the title page of the answer-book. (1) (11) NOTE Please,"Class 10 English (Language and Literature) (2024 Main Examination, Set 1, QP 2/2/1)",Original / Retained,SORTED
2_2_2_English L & L.pdf,ENGLISH_L&L 2/2_2_2_English L & L.pdf,Class 10/English (Language and Literature)/2024/Main Examination/Set 2/2024_Main_English_Language_and_Literature_QP2_2_2_Set2.pdf,2024_Main_English_Language_and_Literature_QP2_2_2_Set2.pdf,Class 10,English (Language and Literature),2024,Main Examination,2/2/2,2,BADC2/2,16,180d1f3935fd8a35ad17530c874cb543d869ffa7cc277305e34edd47166d6edd,HIGH,1,Series BADC2/2 Roll No. SET-2 Q.P. Code 2/2/2 Candidates must write the Q.P. Code on the title page of the answer-book NOTE (I) Please check,"Class 10 English (Language and Literature) (2024 Main Examination, Set 2, QP 2/2/2)",Original / Retained,SORTED
2_2_3_English L & L.pdf,ENGLISH_L&L 2/2_2_3_English L & L.pdf,Class 10/English (Language and Literature)/2024/Main Examination/Set 3/2024_Main_English_Language_and_Literature_QP2_2_3_Set3.pdf,2024_Main_English_Language_and_Literature_QP2_2_3_Set3.pdf,Class 10,English (Language and Literature),2024,Main Examination,2/2/3,3,BADC2/2,16,effd01460ec0ff65693d335e096c9273f6924a4d62f22935dc59521abf15c7b4,HIGH,1,Series BADC2/2 Roll No. SET-3 Q.P. Code 2/2/3 Candidates must write the Q.P. Code on the title page of the answer-book NOTE Please check that,"Class 10 English (Language and Literature) (2024 Main Examination, Set 3, QP 2/2/3)",Original / Retained,SORTED
2_3_1_English L & L.pdf,ENGLISH_L&L 2/2_3_1_English L & L.pdf,Class 10/English (Language and Literature)/2024/Main Examination/Set 1/2024_Main_English_Language_and_Literature_QP2_3_1_Set1.pdf,2024_Main_English_Language_and_Literature_QP2_3_1_Set1.pdf,Class 10,English (Language and Literature),2024,Main Examination,2/3/1,1,A1DBB/3,16,20d0f0ab4b1d6360605ba873890fd3ba6cc018db1a23c1625f6ca58beb9a37d6,HIGH,1,"Series A1DBB/3 Roll No. SET-1 HIНMIINI Q.P. Code 2/3/1 (oa nhedite page o he anse.p, code * * * (1) Please check that this question","Class 10 English (Language and Literature) (2024 Main Examination, Set 1, QP 2/3/1)",Original / Retained,SORTED
2_3_2_English L & L.pdf,ENGLISH_L&L 2/2_3_2_English L & L.pdf,Class 10/English (Language and Literature)/2024/Main Examination/Set 2/2024_Main_English_Language_and_Literature_QP2_3_2_Set2.pdf,2024_Main_English_Language_and_Literature_QP2_3_2_Set2.pdf,Class 10,English (Language and Literature),2024,Main Examination,2/3/2,2,A1DBB/3,16,0f5deee4148342eb3049c9d85ff334c322edca95bd97b39040e05d1c99ca4810,HIGH,1,Series A1DBB/3 Roll No. SET-2 Q.P.Code 2/3/2 HNНHINI Candidates must write the Q.P. Code on the title page of the answer-book. * * * (1),"Class 10 English (Language and Literature) (2024 Main Examination, Set 2, QP 2/3/2)",Original / Retained,SORTED
2_3_3_English L & L.pdf,ENGLISH_L&L 2/2_3_3_English L & L.pdf,Class 10/English (Language and Literature)/2024/Main Examination/Set 3/2024_Main_English_Language_and_Literature_QP2_3_3_Set3.pdf,2024_Main_English_Language_and_Literature_QP2_3_3_Set3.pdf,Class 10,English (Language and Literature),2024,Main Examination,2/3/3,3,A1DBB/3,16,20d4ffdb16a8798a21d0c34f6c22fc5a41545087d7f5f12d135ba3a38d285d1d,HIGH,1,"Series A1DBB/3 Roll No. SET-3 HIНMIINI Q.P.Code 2/3/3 (oa nhedite page o he anse.p, code * * * (1) Please check that this question paper","Class 10 English (Language and Literature) (2024 Main Examination, Set 3, QP 2/3/3)",Original / Retained,SORTED
2_4_1_English L & L.pdf,ENGLISH_L&L 2/2_4_1_English L & L.pdf,Class 10/English (Language and Literature)/2024/Main Examination/Set 1/2024_Main_English_Language_and_Literature_QP2_4_1_Set1.pdf,2024_Main_English_Language_and_Literature_QP2_4_1_Set1.pdf,Class 10,English (Language and Literature),2024,Main Examination,2/4/1,1,DDCC4/4,19,51acc42e4ac9d9f508fb34e43dd7c5ca4e274d7468783896b27535e2f7e49439,HIGH,1,2/4/1-14 1 P.T.O. Candidates must write the Q.P. Code on the title page of the answer-book. Series DDCC4/4 SET-1 Q.P. Code Roll No. NOTE (I),"Class 10 English (Language and Literature) (2024 Main Examination, Set 1, QP 2/4/1)",Original / Retained,SORTED
2_4_2_English L & L.pdf,ENGLISH_L&L 2/2_4_2_English L & L.pdf,Class 10/English (Language and Literature)/2024/Main Examination/Set 2/2024_Main_English_Language_and_Literature_QP2_4_2_Set2.pdf,2024_Main_English_Language_and_Literature_QP2_4_2_Set2.pdf,Class 10,English (Language and Literature),2024,Main Examination,2/4/2,2,DDCC4/4,19,5f82f218906d7bca3393129474af06aba26d3e289ce018ee28f7e7631c66f4e1,HIGH,1,2/4/2-14 1 P.T.O. Candidates must write the Q.P. Code on the title page of the answer-book. Series DDCC4/4 SET-2 Q.P. Code Roll No. NOTE (I),"Class 10 English (Language and Literature) (2024 Main Examination, Set 2, QP 2/4/2)",Original / Retained,SORTED
2_4_3_English L & L.pdf,ENGLISH_L&L 2/2_4_3_English L & L.pdf,Class 10/English (Language and Literature)/2024/Main Examination/Set 3/2024_Main_English_Language_and_Literature_QP2_4_3_Set3.pdf,2024_Main_English_Language_and_Literature_QP2_4_3_Set3.pdf,Class 10,English (Language and Literature),2024,Main Examination,2/4/3,3,DDCC4/4,19,f1a2fa72a959751377f5efbbb877377bb79f566191471cbf9670a6ef269badbb,HIGH,1,2/4/3-14 1 P.T.O. Candidates must write the Q.P. Code on the title page of the answer-book. Series DDCC4/4 SET-3 Q.P. Code Roll No. NOTE (I),"Class 10 English (Language and Literature) (2024 Main Examination, Set 3, QP 2/4/3)",Original / Retained,SORTED
2_5_1_English L & L.pdf,ENGLISH_L&L 2/2_5_1_English L & L.pdf,Class 10/English (Language and Literature)/2024/Main Examination/Set 1/2024_Main_English_Language_and_Literature_QP2_5_1_Set1.pdf,2024_Main_English_Language_and_Literature_QP2_5_1_Set1.pdf,Class 10,English (Language and Literature),2024,Main Examination,2/5/1,1,DBC5A/5,19,0ec111379aa4905e08ae515909e4bfaf2bdb90b636fc3dc5f4055d372f952b7e,HIGH,1,2/5/1-15 1 P.T.O. Candidates must write the Q.P. Code on the title page of the answer-book. Series DBC5A/5 SET-1 Q.P. Code Roll No. NOTE (I),"Class 10 English (Language and Literature) (2024 Main Examination, Set 1, QP 2/5/1)",Original / Retained,SORTED
2_5_2_English L & L.pdf,ENGLISH_L&L 2/2_5_2_English L & L.pdf,Class 10/English (Language and Literature)/2024/Main Examination/Set 2/2024_Main_English_Language_and_Literature_QP2_5_2_Set2.pdf,2024_Main_English_Language_and_Literature_QP2_5_2_Set2.pdf,Class 10,English (Language and Literature),2024,Main Examination,2/5/2,2,DBC5A/5,19,24cba6d418f012f767cee36c5f334924239a00d6a012a30b481b9a123cbb44f2,HIGH,1,2/5/2-15 1 P.T.O. Candidates must write the Q.P. Code on the title page of the answer-book. Series DBC5A/5 SET-2 Q.P. Code Roll No. NOTE (I),"Class 10 English (Language and Literature) (2024 Main Examination, Set 2, QP 2/5/2)",Original / Retained,SORTED
2_5_3_English L & L.pdf,ENGLISH_L&L 2/2_5_3_English L & L.pdf,Class 10/English (Language and Literature)/2024/Main Examination/Set 3/2024_Main_English_Language_and_Literature_QP2_5_3_Set3.pdf,2024_Main_English_Language_and_Literature_QP2_5_3_Set3.pdf,Class 10,English (Language and Literature),2024,Main Examination,2/5/3,3,DBC5A/5,19,c5ff63e2cba1f1c5725419589587a6e1844b4980401e28d13f2ff5d777de2ac8,HIGH,1,2/5/3-15 1 P.T.O. Candidates must write the Q.P. Code on the title page of the answer-book. Series DBC5A/5 SET-3 Q.P. Code Roll No. NOTE (I),"Class 10 English (Language and Literature) (2024 Main Examination, Set 3, QP 2/5/3)",Original / Retained,SORTED
Electrical_Technology 2.pdf,Electrical_Technology 2.pdf,Class 12/Electrical Technology/2026/Main Examination/Set 4/2026_Main_Electrical_Technology_QP343_Set4.pdf,2026_Main_Electrical_Technology_QP343_Set4.pdf,Class 12,Electrical Technology,2026,Main Examination,343,4,RQ3SP,16,59d396314dc0087629fe6844ec6d4bdc3255c5fcfcee1fed8825723609b26f08,HIGH,1,343 [ ] 1 P.T.O. परीक्षार्थी प्रश् न-पत्र कोड को उत्तर-पुस्तिका के मुख-पृष्ठ पर अवश्य स्िखें । Candidates must write the Q.P. Code on the,"Class 12 Electrical Technology (2026 Main Examination, Set 4, QP 343)",Original / Retained,SORTED
Electrocics_Technology.pdf,Electrocics_Technology.pdf,Class 12/Electronics Technology/2026/Supplementary Examination/Set 4/2026_Supplementary_Electronics_Technology_QP344_Set4.pdf,2026_Supplementary_Electronics_Technology_QP344_Set4.pdf,Class 12,Electronics Technology,2026,Supplementary Examination,344,4,S7PQR,15,74f24b8d5dbb02999237a5f707f0c891d0402d22a41262699b4f2d1df56e0f86,HIGH,1,344/7 1 P.T.O. परीक्षार्थी प्रश् न-पत्र कोड को उत्तर-पुस्तिका के मुख-पृष्ठ पर अवश्य स्िखें । Candidates must write the Q.P. Code on the title page,"Class 12 Electronics Technology (2026 Supplementary Examination, Set 4, QP 344)",Original / Retained,SORTED
Electronics_Hardware 2.pdf,Electronics_Hardware 2.pdf,Class 12/Electronics and Hardware/2026/Main Examination/Set 4/2026_Main_Electronics_and_Hardware_QPSET_Set4.pdf,2026_Main_Electronics_and_Hardware_QPSET_Set4.pdf,Class 12,Electronics and Hardware,2026,Main Examination,SET,4,RQ3SP,19,72755f6eea4821204bb8690722b963ba9f70ee1f0cf0a645afc784ad915a623d,HIGH,1,Series: RQ3SP Q.P.Code SET~4 371 Roll No. Candidates must write the Q.P. Code on the title page of the answer-book ELECTRONICS AND HARDWARE Time allowed,"Class 12 Electronics and Hardware (2026 Main Examination, Set 4, QP SET)",Duplicate of Electronics_Hardware.pdf,DELETED_DUPLICATE
Electronics_Hardware.pdf,Electronics_Hardware.pdf,Class 12/Electronics and Hardware/2026/Main Examination/Set 4/2026_Main_Electronics_and_Hardware_QPSET_Set4.pdf,2026_Main_Electronics_and_Hardware_QPSET_Set4.pdf,Class 12,Electronics and Hardware,2026,Main Examination,SET,4,RQ3SP,19,72755f6eea4821204bb8690722b963ba9f70ee1f0cf0a645afc784ad915a623d,HIGH,1,Series: RQ3SP Q.P.Code SET~4 371 Roll No. Candidates must write the Q.P. Code on the title page of the answer-book ELECTRONICS AND HARDWARE Time allowed,"Class 12 Electronics and Hardware (2026 Main Examination, Set 4, QP SET)",Original / Retained,SORTED
Electronics_Hardware_Revised.pdf,Electronics_Hardware_Revised.pdf,Class 10/Electronics and Hardware/2026/Main Examination/Set 4/2026_Main_Electronics_and_Hardware_QP107_Set4.pdf,2026_Main_Electronics_and_Hardware_QP107_Set4.pdf,Class 10,Electronics and Hardware,2026,Main Examination,107,4,MNL2K,15,a0c299591d7901132250cc8e577b5b107a08164f9aecb8df2626d12c19f3ec73,HIGH,1,107 [ ] 1 P.T.O. परीक्षार्थी प्रश् न-पत्र कोड को उत्तर-पुस्तिका के मुख-पृष्ठ पर अवश्य स्िखें । Candidates must write the Q.P. Code on the,"Class 10 Electronics and Hardware (2026 Main Examination, Set 4, QP 107)",Original / Retained,SORTED
Electronics_Technology copy.pdf,Electronics_Technology copy.pdf,Class 12/Electronics Technology/2026/Main Examination/Set 4/2026_Main_Electronics_Technology_QP344_Set4.pdf,2026_Main_Electronics_Technology_QP344_Set4.pdf,Class 12,Electronics Technology,2026,Main Examination,344,4,SR3PQ,15,e9a5d45d7b7e842e272ad46366c67630b0eb635ae007f6809f522e0547ef6f54,HIGH,1,b 344 * 1 P.T.O. परीक्षार्थी प्रश् न-पत्र कोड को उत्तर-पुस्तिका के मुख-पृष्ठ पर अवश्य लिखें । Candidates must write the Q.P. Code on the,"Class 12 Electronics Technology (2026 Main Examination, Set 4, QP 344)",Original / Retained,SORTED
Electronics_and_Hardware.pdf,Electronics_and_Hardware.pdf,Class 12/Electronics and Hardware/2026/Supplementary Examination/Set 4/2026_Supplementary_Electronics_and_Hardware_QP371_Set4.pdf,2026_Supplementary_Electronics_and_Hardware_QP371_Set4.pdf,Class 12,Electronics and Hardware,2026,Supplementary Examination,371,4,S7PQR,19,64da1a323754ed83ad84c484d0930c06b5aa69c2b5fd36ba55425e3b4dbe9979,HIGH,1,371/7 1 P.T.O. परीक्षार्थी प्रश् न-पत्र कोड को उत्तर-पुस्तिका के मुख-पृष्ठ पर अवश्य स्िखें । Candidates must write the Q.P. Code on the title page,"Class 12 Electronics and Hardware (2026 Supplementary Examination, Set 4, QP 371)",Original / Retained,SORTED
1-1-1 English Core.pdf,Eng_Core/1-1-1 English Core.pdf,Class 12/English (Core)/2022/Main Examination/Set 1/2022_Main_English_Core_QP1_1_1_Set1.pdf,2022_Main_English_Core_QP1_1_1_Set1.pdf,Class 12,English (Core),2022,Main Examination,1/1/1,1,A3BAB/1,8,438a6c507d79aae4fa1405c90306ebf8a318f613085d92242868eb7513303c2c,HIGH,1,Series : A3BAB/1 Roll No. SET-1 Code No. 1/1/1 orandetatte paueo yieanhe .r. Code • Please check that this question paper contains 8 printed pages.,"Class 12 English (Core) (2022 Main Examination, Set 1, QP 1/1/1)",Original / Retained,SORTED
1-1-2 English Core.pdf,Eng_Core/1-1-2 English Core.pdf,Class 12/English (Core)/2022/Main Examination/Set 2/2022_Main_English_Core_QP1_1_2_Set2.pdf,2022_Main_English_Core_QP1_1_2_Set2.pdf,Class 12,English (Core),2022,Main Examination,1/1/2,2,A3BAB/1,8,603630b3dd63f2ccb2f5a7fd54d9d1389e422c111aa59c7cb27302dda882f3b2,HIGH,1,Series : A3BAB/1 Roll No. SET-2 Code No. 1/1/2 oandetatte paueo yieathe .r. Code • Please check that this question paper contains 8 printed pages.,"Class 12 English (Core) (2022 Main Examination, Set 2, QP 1/1/2)",Original / Retained,SORTED
1-1-3 English Core.pdf,Eng_Core/1-1-3 English Core.pdf,Class 12/English (Core)/2022/Main Examination/Set 3/2022_Main_English_Core_QP1_1_3_Set3.pdf,2022_Main_English_Core_QP1_1_3_Set3.pdf,Class 12,English (Core),2022,Main Examination,1/1/3,3,A3BAB/1,8,497dc1f851d1e8980b7f8006acd88d95ec8dcbc5dde153d67f3a823eedfca8fc,HIGH,1,Series : A3BAB/1 Roll No. SET-3 Code No. 1/1/3 oandetatte paueo yieathe .r. Code • Please check that this question paper contains 8 printed pages.,"Class 12 English (Core) (2022 Main Examination, Set 3, QP 1/1/3)",Original / Retained,SORTED
1-2-1 English Core.pdf,Eng_Core/1-2-1 English Core.pdf,Class 12/English (Core)/2022/Main Examination/Set 1/2022_Main_English_Core_QP1_2_1_Set1.pdf,2022_Main_English_Core_QP1_2_1_Set1.pdf,Class 12,English (Core),2022,Main Examination,1/2/1,1,A1BAB/2,7,a8c7ca41d9776c7571a8b539df0d288cada8a88aa298f330997e3f4929a4774c,HIGH,1,.1/2/1 1 P.T.O. Candidates must write the Q.P. Code on the title page of the answer-book. Series A1BAB/2 SET-1 Q.P. Code Roll No. NOTE (I),"Class 12 English (Core) (2022 Main Examination, Set 1, QP 1/2/1)",Original / Retained,SORTED
1-2-2 English Core.pdf,Eng_Core/1-2-2 English Core.pdf,Class 12/English (Core)/2022/Main Examination/Set 2/2022_Main_English_Core_QP1_2_2_Set2.pdf,2022_Main_English_Core_QP1_2_2_Set2.pdf,Class 12,English (Core),2022,Main Examination,1/2/2,2,A1BAB/2,7,41c8d37de4357dfe371fecc70cbdbf3dc6eebb0460f25ade0b6e876a154a8b11,HIGH,1,.1/2/2 1 P.T.O. Candidates must write the Q.P. Code on the title page of the answer-book. Series A1BAB/2 SET-2 Q.P. Code Roll No. NOTE (I),"Class 12 English (Core) (2022 Main Examination, Set 2, QP 1/2/2)",Original / Retained,SORTED
1-2-3 English Core.pdf,Eng_Core/1-2-3 English Core.pdf,Class 12/English (Core)/2022/Main Examination/Set 3/2022_Main_English_Core_QP1_2_3_Set3.pdf,2022_Main_English_Core_QP1_2_3_Set3.pdf,Class 12,English (Core),2022,Main Examination,1/2/3,3,A1BAB/2,7,ad0b027e4b87184d70bab7bb0d55b0cc1bbdb70aad6c7e2591e65c9bb6aa2975,HIGH,1,.1/2/3 1 P.T.O. Candidates must write the Q.P. Code on the title page of the answer-book. Series A1BAB/2 SET-3 Q.P. Code Roll No. NOTE (I),"Class 12 English (Core) (2022 Main Examination, Set 3, QP 1/2/3)",Original / Retained,SORTED
1-3-1 English Core.pdf,Eng_Core/1-3-1 English Core.pdf,Class 12/English (Core)/2022/Main Examination/Set 1/2022_Main_English_Core_QP1_3_1_Set1.pdf,2022_Main_English_Core_QP1_3_1_Set1.pdf,Class 12,English (Core),2022,Main Examination,1/3/1,1,A4BAB/3,8,93a5dff02397f6583c566a0695a68a6a8f439fa204181861ac98b921f46d79ff,HIGH,1,"(Series: A4BAB/3 Roll No. SET-1 Code No. 1/3/1 (Candedite page o yie ahee2p, Code • Please check that this question paper contains 8 printed pages.","Class 12 English (Core) (2022 Main Examination, Set 1, QP 1/3/1)",Original / Retained,SORTED
1-3-2 English Core.pdf,Eng_Core/1-3-2 English Core.pdf,Class 12/English (Core)/2022/Main Examination/Set 2/2022_Main_English_Core_QP1_3_2_Set2.pdf,2022_Main_English_Core_QP1_3_2_Set2.pdf,Class 12,English (Core),2022,Main Examination,1/3/2,2,A4BAB/3,8,c85fbe720f4613ebe2bcd85e7fb86968022c8356e823facfc8c2600068f37ee0,HIGH,1,"(Series: A4BAB/3 Roll No. SET-2 Code No. 1/3/2 (Candedite page o yie ahee2p, Code • Please check that this question paper contains 8 printed pages.","Class 12 English (Core) (2022 Main Examination, Set 2, QP 1/3/2)",Original / Retained,SORTED
1-3-3 English Core.pdf,Eng_Core/1-3-3 English Core.pdf,Class 12/English (Core)/2022/Main Examination/Set 3/2022_Main_English_Core_QP1_3_3_Set3.pdf,2022_Main_English_Core_QP1_3_3_Set3.pdf,Class 12,English (Core),2022,Main Examination,1/3/3,3,A4BAB/3,8,074004edf2b56f5b3447bdccb8ab7ed3dde89a94d0f3bd5651b6f98898c820d4,HIGH,1,"(Series: A4BAB/3 Roll No. SET-3 Code No. 1/3/3 (Candedite page o yie ahee2p, Code • Please check that this question paper contains 8 printed pages.","Class 12 English (Core) (2022 Main Examination, Set 3, QP 1/3/3)",Original / Retained,SORTED
1-4-1 English Core.pdf,Eng_Core/1-4-1 English Core.pdf,Class 12/English (Core)/2022/Main Examination/Set 1/2022_Main_English_Core_QP1_4_1_Set1.pdf,2022_Main_English_Core_QP1_4_1_Set1.pdf,Class 12,English (Core),2022,Main Examination,1/4/1,1,A2BAB/4,7,09ffcb4e3d4c5b12ec89a0be8e7b1cfe3371b47fa7fea156c26cd897cac56949,HIGH,1,.1/4/1 1 P.T.O. Candidates must write the Q.P. Code on the title page of the answer-book. Series A2BAB/4 SET-1 Q.P. Code Roll No. NOTE (I),"Class 12 English (Core) (2022 Main Examination, Set 1, QP 1/4/1)",Original / Retained,SORTED
1-4-2 English Core.pdf,Eng_Core/1-4-2 English Core.pdf,Class 12/English (Core)/2022/Main Examination/Set 2/2022_Main_English_Core_QP1_4_2_Set2.pdf,2022_Main_English_Core_QP1_4_2_Set2.pdf,Class 12,English (Core),2022,Main Examination,1/4/2,2,A2BAB/4,7,5ca94ac3e3a48c4db10aec341c9352485734391377cfb7f285ad9c91900ce897,HIGH,1,.1/4/2 1 P.T.O. Candidates must write the Q.P. Code on the title page of the answer-book. Series A2BAB/4 SET-2 Q.P. Code Roll No. NOTE (I),"Class 12 English (Core) (2022 Main Examination, Set 2, QP 1/4/2)",Original / Retained,SORTED
1-4-3 English Core.pdf,Eng_Core/1-4-3 English Core.pdf,Class 12/English (Core)/2022/Main Examination/Set 3/2022_Main_English_Core_QP1_4_3_Set3.pdf,2022_Main_English_Core_QP1_4_3_Set3.pdf,Class 12,English (Core),2022,Main Examination,1/4/3,3,A2BAB/4,7,f9e9c60352d749091424a6f83f506b2bb90ed2029232fbffbfaf9b13fc81dcdc,HIGH,1,.1/4/3 1 P.T.O. Candidates must write the Q.P. Code on the title page of the answer-book. Series A2BAB/4 SET-3 Q.P. Code Roll No. NOTE (I),"Class 12 English (Core) (2022 Main Examination, Set 3, QP 1/4/3)",Original / Retained,SORTED
1-5-1 English Core.pdf,Eng_Core/1-5-1 English Core.pdf,Class 12/English (Core)/2022/Main Examination/Set 1/2022_Main_English_Core_QP1_5_1_Set1.pdf,2022_Main_English_Core_QP1_5_1_Set1.pdf,Class 12,English (Core),2022,Main Examination,1/5/1,1,A5BAB/5,8,91bf80ed5d22036bf109f4ba4e0c8af502311dc85cc408b652e40b14c8e10239,HIGH,1,Series A5BAB/5 Roll No. SET No. 1 Q.P.Code 1/5/1 Candidates must write the Q.P. Code on the title page of the answer-book. • Please check,"Class 12 English (Core) (2022 Main Examination, Set 1, QP 1/5/1)",Original / Retained,SORTED
1-5-2 English Core.pdf,Eng_Core/1-5-2 English Core.pdf,Class 12/English (Core)/2022/Main Examination/Set 2/2022_Main_English_Core_QP1_5_2_Set2.pdf,2022_Main_English_Core_QP1_5_2_Set2.pdf,Class 12,English (Core),2022,Main Examination,1/5/2,2,A5BAB/5,8,85a9b4df07ddddefc3cad9abdb674b39bb55ef4c83e24470d46c3c0698a5ba90,HIGH,1,Series A5BAB/5 Roll No. SET No. 2 Q.P.Code 1/5/2 Candidates must write the Q.P. Code on the title page of the answer-book. • Please check,"Class 12 English (Core) (2022 Main Examination, Set 2, QP 1/5/2)",Original / Retained,SORTED
1-5-3 English Core.pdf,Eng_Core/1-5-3 English Core.pdf,Class 12/English (Core)/2022/Main Examination/Set 3/2022_Main_English_Core_QP1_5_3_Set3.pdf,2022_Main_English_Core_QP1_5_3_Set3.pdf,Class 12,English (Core),2022,Main Examination,1/5/3,3,A5BAB/5,8,9fcc5dd4cfd5ca80c8bfa0531a1fe3fbda5904007b3160354eba5d5fd50b3ac6,HIGH,1,Series A5BAB/5 Roll No. SET No. 3 Q.P.Code 1/5/3 Candidates must write the Q.P. Code on the title page of the answer-book. • Please check,"Class 12 English (Core) (2022 Main Examination, Set 3, QP 1/5/3)",Original / Retained,SORTED
2-1-1 English L & L.pdf,English_&_Lit/2-1-1 English L & L.pdf,Class 10/English (Language and Literature)/2022/Main Examination/Set 1/2022_Main_English_Language_and_Literature_QP2_1_1_Set1.pdf,2022_Main_English_Language_and_Literature_QP2_1_1_Set1.pdf,Class 10,English (Language and Literature),2022,Main Examination,2/1/1,1,APQRS/1,7,cb384ca72b9d257d6fa95d9faf71fec833e5fc5abbfac7addaefbb181ef39b04,HIGH,1,2/1/1 Page 1 of 7 P.T.O. Candidates must write the Q.P. Code on the title page of the answer-book. ENGLISH (Lan guag e and Literature,"Class 10 English (Language and Literature) (2022 Main Examination, Set 1, QP 2/1/1)",Original / Retained,SORTED
2-1-2 English L & L.pdf,English_&_Lit/2-1-2 English L & L.pdf,Class 10/English (Language and Literature)/2022/Main Examination/Set 2/2022_Main_English_Language_and_Literature_QP2_1_2_Set2.pdf,2022_Main_English_Language_and_Literature_QP2_1_2_Set2.pdf,Class 10,English (Language and Literature),2022,Main Examination,2/1/2,2,APQRS/1,7,2c1067bbfcfaff67b7c6671500e684f0f8fdaa46bc2b5de3ab96696ab8ea2d72,HIGH,1,2/1/2 Page 1 of 7 P.T.O. Candidates must write the Q.P. Code on the title page of the answer-book. ENGLISH (Lan guag e and Literature,"Class 10 English (Language and Literature) (2022 Main Examination, Set 2, QP 2/1/2)",Original / Retained,SORTED
2-1-3 English L & L.pdf,English_&_Lit/2-1-3 English L & L.pdf,Class 10/English (Language and Literature)/2022/Main Examination/Set 3/2022_Main_English_Language_and_Literature_QP2_1_3_Set3.pdf,2022_Main_English_Language_and_Literature_QP2_1_3_Set3.pdf,Class 10,English (Language and Literature),2022,Main Examination,2/1/3,3,APQRS/1,7,effbd29e5e85baef02cb329ff1edc9cd711730713adf4dd68651bd0f329a1c46,HIGH,1,2/1/3 Page 1 of 7 P.T.O. Candidates must write the Q.P. Code on the title page of the answer-book. ENGLISH (Lan guag e and Literature,"Class 10 English (Language and Literature) (2022 Main Examination, Set 3, QP 2/1/3)",Original / Retained,SORTED
2-2-1 (English L & L).pdf,English_&_Lit/2-2-1 (English L & L).pdf,Class 10/English (Language and Literature)/2022/Main Examination/Set 1/2022_Main_English_Language_and_Literature_QP2_2_1_Set1.pdf,2022_Main_English_Language_and_Literature_QP2_2_1_Set1.pdf,Class 10,English (Language and Literature),2022,Main Examination,2/2/1,1,CPQRS/2,8,c479b5a25a4051e746c2d5c435d4987116821b94dfc637d472551bbd83439eea,HIGH,1,Series: CPQRS/2 SET - 1 Q.P. Code 2/2/1 Roll No. Candidates must write the Q.P. Code on the title page of the answer-book. • Please,"Class 10 English (Language and Literature) (2022 Main Examination, Set 1, QP 2/2/1)",Original / Retained,SORTED
2-2-2 (English L & L).pdf,English_&_Lit/2-2-2 (English L & L).pdf,Class 10/English (Language and Literature)/2022/Main Examination/Set 2/2022_Main_English_Language_and_Literature_QP2_2_2_Set2.pdf,2022_Main_English_Language_and_Literature_QP2_2_2_Set2.pdf,Class 10,English (Language and Literature),2022,Main Examination,2/2/2,2,CPQRS/2,8,f9e5b0079b832c150f478fd44e8e03100c473f8f597dad85a72baad853b8a29c,HIGH,1,|Series: CPQRS/2 SET - 2 Q.P. Code 2/2/2 • Roll No. Candidates must write the Q.P. Code on the title page of the answer-book. Please,"Class 10 English (Language and Literature) (2022 Main Examination, Set 2, QP 2/2/2)",Original / Retained,SORTED
2-2-3 (English L & L).pdf,English_&_Lit/2-2-3 (English L & L).pdf,Class 10/English (Language and Literature)/2022/Main Examination/Set 3/2022_Main_English_Language_and_Literature_QP2_2_3_Set3.pdf,2022_Main_English_Language_and_Literature_QP2_2_3_Set3.pdf,Class 10,English (Language and Literature),2022,Main Examination,2/2/3,3,CPQRS/2,8,1a95975132450b9d66df3854b3791c2cb31ca3b1e3ee216e489c136b62f10dd5,HIGH,1,Series: CPQRS/2 SET - 3 Q.P. Code 2/2/3 Roll No. Candidates must write the Q.P. Code on the title page of the answer-book. • Please,"Class 10 English (Language and Literature) (2022 Main Examination, Set 3, QP 2/2/3)",Original / Retained,SORTED
2-3-1 English L & L.pdf,English_&_Lit/2-3-1 English L & L.pdf,Class 10/English (Language and Literature)/2022/Main Examination/Set 1/2022_Main_English_Language_and_Literature_QP2_3_1_Set1.pdf,2022_Main_English_Language_and_Literature_QP2_3_1_Set1.pdf,Class 10,English (Language and Literature),2022,Main Examination,2/3/1,1,BPQRS/3,7,3d094028df111d3dc42090125cb191acda06c0d0d820efc16eceec613c52ffc3,HIGH,1,2/3/1 Page 1 of 7 P.T.O. Candidates must write the Q.P. Code on the title page of the answer-book. ENGLISH (Lan guag e and Literature,"Class 10 English (Language and Literature) (2022 Main Examination, Set 1, QP 2/3/1)",Original / Retained,SORTED
2-3-2 English L & L.pdf,English_&_Lit/2-3-2 English L & L.pdf,Class 10/English (Language and Literature)/2022/Main Examination/Set 2/2022_Main_English_Language_and_Literature_QP2_3_2_Set2.pdf,2022_Main_English_Language_and_Literature_QP2_3_2_Set2.pdf,Class 10,English (Language and Literature),2022,Main Examination,2/3/2,2,BPQRS/3,7,9c5e1514ab74744804b21ab4638a4718502145456b194a813876671a2fc65505,HIGH,1,2/3/2 Page 1 of 7 P.T.O. Candidates must write the Q.P. Code on the title page of the answer-book. ENGLISH (Lan guag e and Literature,"Class 10 English (Language and Literature) (2022 Main Examination, Set 2, QP 2/3/2)",Original / Retained,SORTED
2-3-3 English L & L.pdf,English_&_Lit/2-3-3 English L & L.pdf,Class 10/English (Language and Literature)/2022/Main Examination/Set 3/2022_Main_English_Language_and_Literature_QP2_3_3_Set3.pdf,2022_Main_English_Language_and_Literature_QP2_3_3_Set3.pdf,Class 10,English (Language and Literature),2022,Main Examination,2/3/3,3,BPQRS/3,7,b72af4c35b4ebce09286a40858ba6296cc21c28d49699824ab637bb3ab836f72,HIGH,1,2/3/3 Page 1 of 7 P.T.O. Candidates must write the Q.P. Code on the title page of the answer-book. ENGLISH (Lan guag e and Literature,"Class 10 English (Language and Literature) (2022 Main Examination, Set 3, QP 2/3/3)",Original / Retained,SORTED
2-4-1 (English L & L).pdf,English_&_Lit/2-4-1 (English L & L).pdf,Class 10/English (Language and Literature)/2022/Main Examination/Set 1/2022_Main_English_Language_and_Literature_QP2_4_1_Set1.pdf,2022_Main_English_Language_and_Literature_QP2_4_1_Set1.pdf,Class 10,English (Language and Literature),2022,Main Examination,2/4/1,1,DPQRS,8,5e90a2107dcc453af8dcff4d5510f6f1b51f892258623634e89c616351820223,HIGH,1,(Series: DPQRS SET- 1 Q.P. Code 2/4/1 Roll No. Candidates must write the Q.P. Code on the title page of the answer-book. • Please check,"Class 10 English (Language and Literature) (2022 Main Examination, Set 1, QP 2/4/1)",Original / Retained,SORTED
2-4-2 (English L & L).pdf,English_&_Lit/2-4-2 (English L & L).pdf,Class 10/English (Language and Literature)/2022/Main Examination/Set 2/2022_Main_English_Language_and_Literature_QP2_4_2_Set2.pdf,2022_Main_English_Language_and_Literature_QP2_4_2_Set2.pdf,Class 10,English (Language and Literature),2022,Main Examination,2/4/2,2,DPQRS,8,6eb2096784e8ad29bed75962170af2438a8e31d9a222eaaa4d87583b4fa28e70,HIGH,1,|Series: DPQRS SET- 2 Q.P.Code 2/4/2 Roll No. Candidates must write the Q.P. Code on the title page of the answer-book. • Please check that,"Class 10 English (Language and Literature) (2022 Main Examination, Set 2, QP 2/4/2)",Original / Retained,SORTED
2-4-3 (English L & L).pdf,English_&_Lit/2-4-3 (English L & L).pdf,Class 10/English (Language and Literature)/2022/Main Examination/Set 3/2022_Main_English_Language_and_Literature_QP2_4_3_Set3.pdf,2022_Main_English_Language_and_Literature_QP2_4_3_Set3.pdf,Class 10,English (Language and Literature),2022,Main Examination,2/4/3,3,DPQRS,8,adfa200fcd49d0dbe20a509cd3269dcaf6aef951094b9b3571ea41e95ebea007,HIGH,1,|Series: DPQRS SET - 3 Q.P. Code 2/4/3 Roll No. Candidates must write the Q.P. Code on the title page of the answer-book. • Please,"Class 10 English (Language and Literature) (2022 Main Examination, Set 3, QP 2/4/3)",Original / Retained,SORTED
English_Communicative.pdf,English_Communicative.pdf,Class 10/English Communicative/2025/Supplementary Examination/Set 4/2025_Supplementary_English_Communicative_QP11_Set4.pdf,2025_Supplementary_English_Communicative_QP11_Set4.pdf,Class 10,English Communicative,2025,Supplementary Examination,11,4,EFGH/S,11,59a44c53525fac6b12e78735bbc5e2651e5ac30d67e31a5903c77cff40ea254f,HIGH,1,1/S Page 1 of 11 # P.T.O. Candidates must write the Q.P. Code on the title page of the answer-book. Series : EFGH/S Set –,"Class 10 English Communicative (2025 Supplementary Examination, Set 4, QP 11)",Original / Retained,SORTED
1-S-1 English Core.pdf,English_Core (4)/1-S-1 English Core.pdf,Class 12/English (Core)/2024/Supplementary Examination/Set 1/2024_Supplementary_English_Core_QP1_S_1_Set1.pdf,2024_Supplementary_English_Core_QP1_S_1_Set1.pdf,Class 12,English (Core),2024,Supplementary Examination,1/S/1,1,&RQPS/S,19,586ee09d6101e2368eadb30a2edd29cef13bc2a61a6aa1679fa8a0ab53daab9d,HIGH,1,1/S/1 Page 1 P.T.O. Candidates must write the Q.P. Code on the title page of the answer-book. Series &RQPS/S > Q.P. Code Roll No. ·,"Class 12 English (Core) (2024 Supplementary Examination, Set 1, QP 1/S/1)",Original / Retained,SORTED
1-S-2 English Core.pdf,English_Core (4)/1-S-2 English Core.pdf,Class 12/English (Core)/2024/Supplementary Examination/Set 2/2024_Supplementary_English_Core_QP1_S_2_Set2.pdf,2024_Supplementary_English_Core_QP1_S_2_Set2.pdf,Class 12,English (Core),2024,Supplementary Examination,1/S/2,2,&RQPS/S,19,86231eb1acdc0595fc1ba234e55d09a7ed3d38e57239509519a78889852fdfb9,HIGH,1,1/S/2 Page 1 P.T.O. Candidates must write the Q.P. Code on the title page of the answer-book. Series &RQPS/S > Q.P. Code Roll No. ·,"Class 12 English (Core) (2024 Supplementary Examination, Set 2, QP 1/S/2)",Original / Retained,SORTED
1-S-3 English Core.pdf,English_Core (4)/1-S-3 English Core.pdf,Class 12/English (Core)/2024/Supplementary Examination/Set 3/2024_Supplementary_English_Core_QP1_S_3_Set3.pdf,2024_Supplementary_English_Core_QP1_S_3_Set3.pdf,Class 12,English (Core),2024,Supplementary Examination,1/S/3,3,&RQPS/S,19,b0d2c59ad5c5dae761ccc73d77d1315486d348bda055be675606b80775c831f2,HIGH,1,1/S/3 Page 1 P.T.O. Candidates must write the Q.P. Code on the title page of the answer-book. Series &RQPS/S > Q.P. Code Roll No. ·,"Class 12 English (Core) (2024 Supplementary Examination, Set 3, QP 1/S/3)",Original / Retained,SORTED
1_C_1 ENGLISH CORE.pdf,English_Core 2/1_C_1 ENGLISH CORE.pdf,Class 12/English (Core)/2023/Compartment Examination/Set 1/2023_Compartment_English_Core_QP1_C_1_Set1.pdf,2023_Compartment_English_Core_QP1_C_1_Set1.pdf,Class 12,English (Core),2023,Compartment Examination,1/C/1,1,FH1EG/C,19,66ec6b6af7f4425759f847511ef81e32d09e179b36be0b137fea4b13d07ca61a,HIGH,1,1/C/1 H 1 H P.T.O. Candidates must write the Q.P. Code on the title page of the answer-book. Series FH1EG/C SET~1 Q.P. Code Roll No.,"Class 12 English (Core) (2023 Compartment Examination, Set 1, QP 1/C/1)",Original / Retained,SORTED
1_C_2 ENGLISH CORE.pdf,English_Core 2/1_C_2 ENGLISH CORE.pdf,Class 12/English (Core)/2023/Compartment Examination/Set 2/2023_Compartment_English_Core_QP1_C_2_Set2.pdf,2023_Compartment_English_Core_QP1_C_2_Set2.pdf,Class 12,English (Core),2023,Compartment Examination,1/C/2,2,FH1EG/C,19,61bd2d6a25a9440ee1f098e6f763482d931d8a42d793759d285b076dd449ef45,HIGH,1,1/C/2 H 1 H P.T.O. Candidates must write the Q.P. Code on the title page of the answer-book. Series FH1EG/C SET~2 Q.P. Code Roll No.,"Class 12 English (Core) (2023 Compartment Examination, Set 2, QP 1/C/2)",Original / Retained,SORTED
1_C_3 ENGLISH CORE.pdf,English_Core 2/1_C_3 ENGLISH CORE.pdf,Class 12/English (Core)/2023/Compartment Examination/Set 3/2023_Compartment_English_Core_QP1_C_3_Set3.pdf,2023_Compartment_English_Core_QP1_C_3_Set3.pdf,Class 12,English (Core),2023,Compartment Examination,1/C/3,3,FH1EG/C,19,64df078a0beec0cfa1790dbf0ce002784d334c978bde8264648d451a9eefcb13,HIGH,1,1/C/3 H 1 H P.T.O. Candidates must write the Q.P. Code on the title page of the answer-book. Series FH1EG/C SET~3 Q.P. Code Roll No.,"Class 12 English (Core) (2023 Compartment Examination, Set 3, QP 1/C/3)",Original / Retained,SORTED
1-S-1_English Core.pdf,English_Core 5/1-S-1_English Core.pdf,Class 12/English (Core)/2025/Supplementary Examination/Set 1/2025_Supplementary_English_Core_QP1_S_1_Set1.pdf,2025_Supplementary_English_Core_QP1_S_1_Set1.pdf,Class 12,English (Core),2025,Supplementary Examination,1/S/1,1,WXYZ/S,19,e283c43a3566ccab901ed13ac20ad6fb763727883a0ab86d453a67464269deca,HIGH,1,1/S/1 Page 1 of 19 # P.T.O. Candidates must write the Q.P. Code on the title page of the answer-book. Series : WXYZ/S Set –,"Class 12 English (Core) (2025 Supplementary Examination, Set 1, QP 1/S/1)",Original / Retained,SORTED
1-S-2_English Core.pdf,English_Core 5/1-S-2_English Core.pdf,Class 12/English (Core)/2025/Supplementary Examination/Set 2/2025_Supplementary_English_Core_QP1_S_2_Set2.pdf,2025_Supplementary_English_Core_QP1_S_2_Set2.pdf,Class 12,English (Core),2025,Supplementary Examination,1/S/2,2,WXYZ/S,19,e2e268f4c368c695cce345e4a43906224224ef9fd75c335e55d44420ac0df9c6,HIGH,1,1/S/2 Page 1 of 19 # P.T.O. Candidates must write the Q.P. Code on the title page of the answer-book. Series : WXYZ/S Set –,"Class 12 English (Core) (2025 Supplementary Examination, Set 2, QP 1/S/2)",Original / Retained,SORTED
1-S-3_English Core.pdf,English_Core 5/1-S-3_English Core.pdf,Class 12/English (Core)/2025/Supplementary Examination/Set 3/2025_Supplementary_English_Core_QP1_S_3_Set3.pdf,2025_Supplementary_English_Core_QP1_S_3_Set3.pdf,Class 12,English (Core),2025,Supplementary Examination,1/S/3,3,WXYZ/S,19,92d8d4ac29e52e823d6a974e8a8d564a8a9c39ab69d852f94e7a14599d6b148b,HIGH,1,1/S/3 Page 1 of 19 # P.T.O. Candidates must write the Q.P. Code on the title page of the answer-book. Series : WXYZ/S Set –,"Class 12 English (Core) (2025 Supplementary Examination, Set 3, QP 1/S/3)",Original / Retained,SORTED
1-6-1 English Core.pdf,English_Core 9/1-6-1 English Core.pdf,Class 12/English (Core)/2022/Compartment Examination/Set 1/2022_Compartment_English_Core_QP1_6_1_Set1.pdf,2022_Compartment_English_Core_QP1_6_1_Set1.pdf,Class 12,English (Core),2022,Compartment Examination,1/6/1,1,A6BAB/C,7,06616abb3072f2e6b8256c3df7deb6ef910157480fd4ab8a7afa74bd5f6e1448,HIGH,1,.1/6/1 1 P.T.O. Candidates must write the Q.P. Code on the title page of the answer-book. Series A6BAB/C SET-1 Q.P. Code Roll No. NOTE (I),"Class 12 English (Core) (2022 Compartment Examination, Set 1, QP 1/6/1)",Original / Retained,SORTED
1-6-2 English Core.pdf,English_Core 9/1-6-2 English Core.pdf,Class 12/English (Core)/2022/Compartment Examination/Set 2/2022_Compartment_English_Core_QP1_6_2_Set2.pdf,2022_Compartment_English_Core_QP1_6_2_Set2.pdf,Class 12,English (Core),2022,Compartment Examination,1/6/2,2,A6BAB/C,7,92c098e0cf89c326cb6c649f7048f8554878ff685f2a94cc56c7d5aa584ef57d,HIGH,1,.1/6/2 1 P.T.O. Candidates must write the Q.P. Code on the title page of the answer-book. Series A6BAB/C SET-2 Q.P. Code Roll No. NOTE (I),"Class 12 English (Core) (2022 Compartment Examination, Set 2, QP 1/6/2)",Original / Retained,SORTED
1-6-3 ENGLISH CORE.pdf,English_Core 9/1-6-3 ENGLISH CORE.pdf,Class 12/English (Core)/2022/Compartment Examination/Set 3/2022_Compartment_English_Core_QP1_6_3_Set3.pdf,2022_Compartment_English_Core_QP1_6_3_Set3.pdf,Class 12,English (Core),2022,Compartment Examination,1/6/3,3,A6BAB/C,7,6eb701bd05262f103b7532fd60271e1131b58e52562ba1b118c17189ecbd0d65,HIGH,1,.1/6/3 1 P.T.O. Candidates must write the Q.P. Code on the title page of the answer-book. Series A6BAB/C SET-3 Q.P. Code Roll No. NOTE (I),"Class 12 English (Core) (2022 Compartment Examination, Set 3, QP 1/6/3)",Original / Retained,SORTED
English_Elective 2.pdf,English_Elective 2.pdf,Class 12/English (Elective)/2026/Main Examination/Set 4/2026_Main_English_Elective_QP666_Set4.pdf,2026_Main_English_Elective_QP666_Set4.pdf,Class 12,English (Elective),2026,Main Examination,666,4,Q3SPR,16,98119b7e90a1d29d0549a599b912d7eb93c72e97d275278ff13777a77b199185,HIGH,1,666 28* 1 * P a g e P.T.O. Candidates must write the Q.P. Code on the title page of the answer-book. Series Q3SPR Q.P.,"Class 12 English (Elective) (2026 Main Examination, Set 4, QP 666)",Original / Retained,SORTED
English_Elective 3.pdf,English_Elective 3.pdf,Class 12/English (Elective)/2025/Supplementary Examination/Set 4/2025_Supplementary_English_Elective_QP28_Set4.pdf,2025_Supplementary_English_Elective_QP28_Set4.pdf,Class 12,English (Elective),2025,Supplementary Examination,28,4,WXYZ/S,15,2ebfa9ca9cd415506108b21eb5a9b044112035579db9e1060c9b02c1d0915581,HIGH,1,28/S Page 1 of 15 # P.T.O. Candidates must write the Q.P. Code on the title page of the answer-book. Series : WXYZ/S Set –,"Class 12 English (Elective) (2025 Supplementary Examination, Set 4, QP 28)",Duplicate of English_Elective.pdf,DELETED_DUPLICATE
English_Elective 4.pdf,English_Elective 4.pdf,Class 12/English (Elective)/2026/Main Examination/Set 4/2026_Main_English_Elective_QP666_Set4.pdf,2026_Main_English_Elective_QP666_Set4.pdf,Class 12,English (Elective),2026,Main Examination,666,4,Q3SPR,16,98119b7e90a1d29d0549a599b912d7eb93c72e97d275278ff13777a77b199185,HIGH,1,666 28* 1 * P a g e P.T.O. Candidates must write the Q.P. Code on the title page of the answer-book. Series Q3SPR Q.P.,"Class 12 English (Elective) (2026 Main Examination, Set 4, QP 666)",Duplicate of English_Elective 2.pdf,DELETED_DUPLICATE
English_Elective 5.pdf,English_Elective 5.pdf,Class 12/English (Elective)/2026/Main Examination/Set 4/2026_Main_English_Elective_QP666_Set4.pdf,2026_Main_English_Elective_QP666_Set4.pdf,Class 12,English (Elective),2026,Main Examination,666,4,Q3SPR,16,98119b7e90a1d29d0549a599b912d7eb93c72e97d275278ff13777a77b199185,HIGH,1,666 28* 1 * P a g e P.T.O. Candidates must write the Q.P. Code on the title page of the answer-book. Series Q3SPR Q.P.,"Class 12 English (Elective) (2026 Main Examination, Set 4, QP 666)",Duplicate of English_Elective 2.pdf,DELETED_DUPLICATE
English_Elective 6.pdf,English_Elective 6.pdf,Class 12/English (Elective)/2026/Supplementary Examination/Set 4/2026_Supplementary_English_Elective_QP28_Set4.pdf,2026_Supplementary_English_Elective_QP28_Set4.pdf,Class 12,English (Elective),2026,Supplementary Examination,28,4,S7PQR,15,9ec9d738b5eeb072e3bd45b624b8cd521d932f6a9e741de8136f2a6459618ce7,HIGH,1,28/7 # 1 # P.T.O. Candidates must write the Q.P. Code on the title page of the answer-book. Series : S7PQR SET ~ 4 Roll,"Class 12 English (Elective) (2026 Supplementary Examination, Set 4, QP 28)",Original / Retained,SORTED
English_Elective.pdf,English_Elective.pdf,Class 12/English (Elective)/2025/Supplementary Examination/Set 4/2025_Supplementary_English_Elective_QP28_Set4.pdf,2025_Supplementary_English_Elective_QP28_Set4.pdf,Class 12,English (Elective),2025,Supplementary Examination,28,4,WXYZ/S,15,2ebfa9ca9cd415506108b21eb5a9b044112035579db9e1060c9b02c1d0915581,HIGH,1,28/S Page 1 of 15 # P.T.O. Candidates must write the Q.P. Code on the title page of the answer-book. Series : WXYZ/S Set –,"Class 12 English (Elective) (2025 Supplementary Examination, Set 4, QP 28)",Original / Retained,SORTED
28_C ENGLISH ELECTIVE.pdf,English_Elective/28_C ENGLISH ELECTIVE.pdf,Class 12/English (Elective)/2023/Compartment Examination/Set 4/2023_Compartment_English_Elective_QP28_Set4.pdf,2023_Compartment_English_Elective_QP28_Set4.pdf,Class 12,English (Elective),2023,Compartment Examination,28,4,FH1EG/C,15,439635bd2963334564fbc1fceb2cd1c20d4fe439565d9a7707031081da752392,HIGH,1,28 H 1 H P.T.O. Candidates must write the Q.P. Code on the title page of the answer-book. Series FH1EG/C SET~4 Q.P. Code Roll No.,"Class 12 English (Elective) (2023 Compartment Examination, Set 4, QP 28)",Original / Retained,SORTED
2-S-1_English L&L.pdf,English_L&L/2-S-1_English L&L.pdf,Class 10/English (Language and Literature)/2025/Supplementary Examination/Set 1/2025_Supplementary_English_Language_and_Literature_QP2_S_1_Set1.pdf,2025_Supplementary_English_Language_and_Literature_QP2_S_1_Set1.pdf,Class 10,English (Language and Literature),2025,Supplementary Examination,2/S/1,1,EFGH/S,15,c2d069d857c0e030647f2563634425a13a330a2fd0544b1238ccc722975f5871,HIGH,1,2/S/1 Page 1 of 15 # P.T.O. Candidates must write the Q.P. Code on the title page of the answer-book. Series : EFGH/S Set –,"Class 10 English (Language and Literature) (2025 Supplementary Examination, Set 1, QP 2/S/1)",Original / Retained,SORTED
2-S-2_English L&L.pdf,English_L&L/2-S-2_English L&L.pdf,Class 10/English (Language and Literature)/2025/Supplementary Examination/Set 2/2025_Supplementary_English_Language_and_Literature_QP2_S_2_Set2.pdf,2025_Supplementary_English_Language_and_Literature_QP2_S_2_Set2.pdf,Class 10,English (Language and Literature),2025,Supplementary Examination,2/S/2,2,EFGH/S,15,3903010f3b2cd92240472bc2b1527032b25e063a882d18c5e72e55f4d91c2754,HIGH,1,2/S/2 Page 1 of 15 # P.T.O. Candidates must write the Q.P. Code on the title page of the answer-book. Series : EFGH/S Set –,"Class 10 English (Language and Literature) (2025 Supplementary Examination, Set 2, QP 2/S/2)",Original / Retained,SORTED
2-S-3_English L&L.pdf,English_L&L/2-S-3_English L&L.pdf,Class 10/English (Language and Literature)/2025/Supplementary Examination/Set 3/2025_Supplementary_English_Language_and_Literature_QP2_S_3_Set3.pdf,2025_Supplementary_English_Language_and_Literature_QP2_S_3_Set3.pdf,Class 10,English (Language and Literature),2025,Supplementary Examination,2/S/3,3,EFGH/S,15,8b18035395af129cebf79891f0b0fc46fd8afd47e3aed561a09896a350536ace,HIGH,1,2/S/3 Page 1 of 15 # P.T.O. Candidates must write the Q.P. Code on the title page of the answer-book. Series : EFGH/S Set –,"Class 10 English (Language and Literature) (2025 Supplementary Examination, Set 3, QP 2/S/3)",Original / Retained,SORTED
2_C_1 English Language and Literature.pdf,English_Lan_Lit/2_C_1 English Language and Literature.pdf,Class 10/English (Language and Literature)/2023/Compartment Examination/Set 1/2023_Compartment_English_Language_and_Literature_QP2_C_1_Set1.pdf,2023_Compartment_English_Language_and_Literature_QP2_C_1_Set1.pdf,Class 10,English (Language and Literature),2023,Compartment Examination,2/C/1,1,WYXZ1/C,19,1d4bead6825013dcda0f116400d947dd738ca709f6b3834f60201830b573fff9,HIGH,1,2/C/1 1 P.T.O. Candidates must write the Q.P. Code on the title page of the answer-book. Candidates must write the Q.P. Code on the title,"Class 10 English (Language and Literature) (2023 Compartment Examination, Set 1, QP 2/C/1)",Original / Retained,SORTED
2_C_2 English Language and Literature.pdf,English_Lan_Lit/2_C_2 English Language and Literature.pdf,Class 10/English (Language and Literature)/2023/Compartment Examination/Set 2/2023_Compartment_English_Language_and_Literature_QP2_C_2_Set2.pdf,2023_Compartment_English_Language_and_Literature_QP2_C_2_Set2.pdf,Class 10,English (Language and Literature),2023,Compartment Examination,2/C/2,2,WYXZ1/C,19,fb7de9d8d8ae6aec30371725bf3c0e034bed203dd3caa9dd4813c23665b1a4e6,HIGH,1,2/C/2 1 P.T.O. Candidates must write the Q.P. Code on the title page of the answer-book. Candidates must write the Q.P. Code on the title,"Class 10 English (Language and Literature) (2023 Compartment Examination, Set 2, QP 2/C/2)",Original / Retained,SORTED
2_C_3 English Language and Literature.pdf,English_Lan_Lit/2_C_3 English Language and Literature.pdf,Class 10/English (Language and Literature)/2023/Compartment Examination/Set 3/2023_Compartment_English_Language_and_Literature_QP2_C_3_Set3.pdf,2023_Compartment_English_Language_and_Literature_QP2_C_3_Set3.pdf,Class 10,English (Language and Literature),2023,Compartment Examination,2/C/3,3,WYXZ1/C,19,25e0a0ebf510910714d2226c8f6a4b7240525d98eee75fa01fa6849fa7349461,HIGH,1,2/C/3 1 P.T.O. Candidates must write the Q.P. Code on the title page of the answer-book. Candidates must write the Q.P. Code on the title,"Class 10 English (Language and Literature) (2023 Compartment Examination, Set 3, QP 2/C/3)",Original / Retained,SORTED
2-1-1 ENGLISH L_L.pdf,English_Language_Literature 2/2-1-1 ENGLISH L_L.pdf,Class 10/English (Language and Literature)/2023/Main Examination/Set 1/2023_Main_English_Language_and_Literature_QP2_1_1_Set1.pdf,2023_Main_English_Language_and_Literature_QP2_1_1_Set1.pdf,Class 10,English (Language and Literature),2023,Main Examination,2/1/1,1,WYXZ1/1,16,81067f54ab3870ac9fdca7b3517efcc78e76030bc7a510579a0b6e2a87093615,HIGH,1,2/1/1 1 P.T.O.*^ Series WYXZ1/1 Set No. 1 Roll No. ENGLISH (Language and Literature) Time allowed : 3 hours Maximum Marks : 80 ● Please,"Class 10 English (Language and Literature) (2023 Main Examination, Set 1, QP 2/1/1)",Original / Retained,SORTED
2-1-2 ENGLISH L_L.pdf,English_Language_Literature 2/2-1-2 ENGLISH L_L.pdf,Class 10/English (Language and Literature)/2023/Main Examination/Set 2/2023_Main_English_Language_and_Literature_QP2_1_2_Set2.pdf,2023_Main_English_Language_and_Literature_QP2_1_2_Set2.pdf,Class 10,English (Language and Literature),2023,Main Examination,2/1/2,2,WYXZ1/1,16,cc8c6f5c64ee1972c2ea51b9a4640dceb1a0841dd34d1a197fa19b367ab56982,HIGH,1,2/1/2 1 P.T.O.*^ Series WYXZ1/1 Set No. 2 Roll No. ENGLISH (Language and Literature) Time allowed : 3 hours Maximum Marks : 80 ● Please,"Class 10 English (Language and Literature) (2023 Main Examination, Set 2, QP 2/1/2)",Original / Retained,SORTED
2-1-3 ENGLISH L_L.pdf,English_Language_Literature 2/2-1-3 ENGLISH L_L.pdf,Class 10/English (Language and Literature)/2023/Main Examination/Set 3/2023_Main_English_Language_and_Literature_QP2_1_3_Set3.pdf,2023_Main_English_Language_and_Literature_QP2_1_3_Set3.pdf,Class 10,English (Language and Literature),2023,Main Examination,2/1/3,3,WYXZ1/1,16,30bb9fd6823924e897f577cf80aaae005c939fc2b8ee36cc12a5e24616fa3627,HIGH,1,2/1/3 1 P.T.O.*^ Series WYXZ1/1 Set No. 3 Roll No. ENGLISH (Language and Literature) Time allowed : 3 hours Maximum Marks : 80 ● Please,"Class 10 English (Language and Literature) (2023 Main Examination, Set 3, QP 2/1/3)",Original / Retained,SORTED
2-2-1 ENGLISH L_L.pdf,English_Language_Literature 2/2-2-1 ENGLISH L_L.pdf,Class 10/English (Language and Literature)/2023/Main Examination/Set 1/2023_Main_English_Language_and_Literature_QP2_2_1_Set1.pdf,2023_Main_English_Language_and_Literature_QP2_2_1_Set1.pdf,Class 10,English (Language and Literature),2023,Main Examination,2/2/1,1,WYXZ1/2,19,255563105fce039b3fd21a379416c9ceef60fb9297911e94c072c8a67692a445,HIGH,1,2/2/1 1 P.T.O. Candidates must write the Q.P. Code on the title page of the answer-book. Candidates must write the Q.P. Code on the title,"Class 10 English (Language and Literature) (2023 Main Examination, Set 1, QP 2/2/1)",Original / Retained,SORTED
2-2-2 ENGLISH L_L.pdf,English_Language_Literature 2/2-2-2 ENGLISH L_L.pdf,Class 10/English (Language and Literature)/2023/Main Examination/Set 2/2023_Main_English_Language_and_Literature_QP2_2_2_Set2.pdf,2023_Main_English_Language_and_Literature_QP2_2_2_Set2.pdf,Class 10,English (Language and Literature),2023,Main Examination,2/2/2,2,WYXZ1/2,19,59e20bdb72289b03c148e653ae4171255d65b6a4b27a5a337bc161fae4e5e662,HIGH,1,2/2/2 1 P.T.O. Candidates must write the Q.P. Code on the title page of the answer-book. Candidates must write the Q.P. Code on the title,"Class 10 English (Language and Literature) (2023 Main Examination, Set 2, QP 2/2/2)",Original / Retained,SORTED
2-2-3 ENGLISH L_L.pdf,English_Language_Literature 2/2-2-3 ENGLISH L_L.pdf,Class 10/English (Language and Literature)/2023/Main Examination/Set 3/2023_Main_English_Language_and_Literature_QP2_2_3_Set3.pdf,2023_Main_English_Language_and_Literature_QP2_2_3_Set3.pdf,Class 10,English (Language and Literature),2023,Main Examination,2/2/3,3,WYXZ1/2,19,f58fef49fd48da340494dfbd79d1eb0b9fe998d77500b873f5af7b74598341ee,HIGH,1,2/2/3 1 P.T.O. Candidates must write the Q.P. Code on the title page of the answer-book. Candidates must write the Q.P. Code on the title,"Class 10 English (Language and Literature) (2023 Main Examination, Set 3, QP 2/2/3)",Original / Retained,SORTED
2-4-1 ENGLISH L_L.pdf,English_Language_Literature 2/2-4-1 ENGLISH L_L.pdf,Class 10/English (Language and Literature)/2023/Main Examination/Set 1/2023_Main_English_Language_and_Literature_QP2_4_1_Set1.pdf,2023_Main_English_Language_and_Literature_QP2_4_1_Set1.pdf,Class 10,English (Language and Literature),2023,Main Examination,2/4/1,1,WYXZ1/4,16,bd001932d2126089303f03aceb4321511cd10af660005f619357d87c2079e9f4,HIGH,1,Series WYXZ1/4 Roll No. Set No. 1 Q.P. Code 2/4/1 ¡ Candidates must write the Q.P. Codel ion the title page of the answer-book ENGLISH,"Class 10 English (Language and Literature) (2023 Main Examination, Set 1, QP 2/4/1)",Original / Retained,SORTED
2-4-2 ENGLISH L_L.pdf,English_Language_Literature 2/2-4-2 ENGLISH L_L.pdf,Class 10/English (Language and Literature)/2023/Main Examination/Set 2/2023_Main_English_Language_and_Literature_QP2_4_2_Set2.pdf,2023_Main_English_Language_and_Literature_QP2_4_2_Set2.pdf,Class 10,English (Language and Literature),2023,Main Examination,2/4/2,2,WYXZ1/4,16,cfe688f1f417a407e1b2f5a0fc972dcf6f2f5c6aa44c51260f1cf1c52332843c,HIGH,1,Series WYXZ1/4 Roll No. Set No. 2 Q.P. Code 2/4/2 ¡ Candidates must write the Q.P. Codel ion the title page of the answer-book ENGLISH,"Class 10 English (Language and Literature) (2023 Main Examination, Set 2, QP 2/4/2)",Original / Retained,SORTED
2-4-3 ENGLISH L_L.pdf,English_Language_Literature 2/2-4-3 ENGLISH L_L.pdf,Class 10/English (Language and Literature)/2023/Main Examination/Set 3/2023_Main_English_Language_and_Literature_QP2_4_3_Set3.pdf,2023_Main_English_Language_and_Literature_QP2_4_3_Set3.pdf,Class 10,English (Language and Literature),2023,Main Examination,2/4/3,3,WYXZ1/4,16,7363b2a90eb1ed41fd280a66c2add75ce08a9b88c157f0b2e61a3d3be36dc8d8,HIGH,1,Series WYXZ1/4 Roll No. Set No. 3 Q.P. Code 2/4/3 ¡ Candidates must write the Q.P. Codel ion the title page of the answer-book ENGLISH,"Class 10 English (Language and Literature) (2023 Main Examination, Set 3, QP 2/4/3)",Original / Retained,SORTED
2-5-1 ENGLISH L_L.pdf,English_Language_Literature 2/2-5-1 ENGLISH L_L.pdf,Class 10/English (Language and Literature)/2023/Main Examination/Set 1/2023_Main_English_Language_and_Literature_QP2_5_1_Set1.pdf,2023_Main_English_Language_and_Literature_QP2_5_1_Set1.pdf,Class 10,English (Language and Literature),2023,Main Examination,2/5/1,1,WYXZ1/5,19,6ca980b713322ff0481c5fccbedecc317588aa90dc09b9bcd0fd2fba3a89bb76,HIGH,1,2/5/1 1 P.T.O. Candidates must write the Q.P. Code on the title page of the answer-book. Series WYXZ1/5 Set No. 1 > Q.P. Code Roll,"Class 10 English (Language and Literature) (2023 Main Examination, Set 1, QP 2/5/1)",Original / Retained,SORTED
2-5-2 ENGLISH L_L.pdf,English_Language_Literature 2/2-5-2 ENGLISH L_L.pdf,Class 10/English (Language and Literature)/2023/Main Examination/Set 2/2023_Main_English_Language_and_Literature_QP2_5_2_Set2.pdf,2023_Main_English_Language_and_Literature_QP2_5_2_Set2.pdf,Class 10,English (Language and Literature),2023,Main Examination,2/5/2,2,WYXZ1/5,19,8cb9e3c1f574b684053aa923e48abab7276dcbda9be05a8af38261cc50675bca,HIGH,1,2/5/2 1 P.T.O. Candidates must write the Q.P. Code on the title page of the answer-book. Series WYXZ1/5 Set No. 2 > Q.P. Code Roll,"Class 10 English (Language and Literature) (2023 Main Examination, Set 2, QP 2/5/2)",Original / Retained,SORTED
2-5-3 ENGLISH L_L.pdf,English_Language_Literature 2/2-5-3 ENGLISH L_L.pdf,Class 10/English (Language and Literature)/2023/Main Examination/Set 3/2023_Main_English_Language_and_Literature_QP2_5_3_Set3.pdf,2023_Main_English_Language_and_Literature_QP2_5_3_Set3.pdf,Class 10,English (Language and Literature),2023,Main Examination,2/5/3,3,WYXZ1/5,19,0e862fd4bd40830eadb1e4fefb162f580afb76202a8831aa7cafcf80dae33e6f,HIGH,1,2/5/3 1 P.T.O. Candidates must write the Q.P. Code on the title page of the answer-book. Series WYXZ1/5 Set No. 3 > Q.P. Code Roll,"Class 10 English (Language and Literature) (2023 Main Examination, Set 3, QP 2/5/3)",Original / Retained,SORTED
2-6-1 ENGLISH L_L.pdf,English_Language_Literature 2/2-6-1 ENGLISH L_L.pdf,Class 10/English (Language and Literature)/2023/Main Examination/Set 1/2023_Main_English_Language_and_Literature_QP2_6_1_Set1.pdf,2023_Main_English_Language_and_Literature_QP2_6_1_Set1.pdf,Class 10,English (Language and Literature),2023,Main Examination,2/6/1,1,WYXZ1/6,16,3cdada929ecc86144828ba42a2ead3462012fd24db49e2e88a45394cc87d9882,HIGH,1,2/6/1 1 P.T.O.*^ Series WYXZ1/6 Set No. 1 Roll No. ENGLISH (Language and Literature) Time allowed : 3 hours Maximum Marks : 80 ● Please,"Class 10 English (Language and Literature) (2023 Main Examination, Set 1, QP 2/6/1)",Original / Retained,SORTED
2-6-2 ENGLISH L_L.pdf,English_Language_Literature 2/2-6-2 ENGLISH L_L.pdf,Class 10/English (Language and Literature)/2023/Main Examination/Set 2/2023_Main_English_Language_and_Literature_QP2_6_2_Set2.pdf,2023_Main_English_Language_and_Literature_QP2_6_2_Set2.pdf,Class 10,English (Language and Literature),2023,Main Examination,2/6/2,2,WYXZ1/6,16,39086504370f171c3d869fdea4bdfb134c1c56ee858534bd391ca1c0cb387f48,HIGH,1,2/6/2 1 P.T.O.*^ Series WYXZ1/6 Set No. 2 Roll No. ENGLISH (Language and Literature) Time allowed : 3 hours Maximum Marks : 80 ● Please,"Class 10 English (Language and Literature) (2023 Main Examination, Set 2, QP 2/6/2)",Original / Retained,SORTED
2-6-3 ENGLISH L_L.pdf,English_Language_Literature 2/2-6-3 ENGLISH L_L.pdf,Class 10/English (Language and Literature)/2023/Main Examination/Set 3/2023_Main_English_Language_and_Literature_QP2_6_3_Set3.pdf,2023_Main_English_Language_and_Literature_QP2_6_3_Set3.pdf,Class 10,English (Language and Literature),2023,Main Examination,2/6/3,3,WYXZ1/6,16,7c521a17259cef95d459fdf9cedae91d1d0ca3d2aba1f19137b7d53b3f142094,HIGH,1,2/6/3 1 P.T.O.*^ Series WYXZ1/6 Set No. 3 Roll No. ENGLISH (Language and Literature) Time allowed : 3 hours Maximum Marks : 80 ● Please,"Class 10 English (Language and Literature) (2023 Main Examination, Set 3, QP 2/6/3)",Original / Retained,SORTED
1160-1_2-4-1 English (Lang. & Lit.) (1).pdf,English_Language_Literature/1160-1_2-4-1 English (Lang. & Lit.) (1).pdf,Class 10/English (Language and Literature)/2026/Main Examination/Set 1/2026_Main_English_Language_and_Literature_QP2_4_1_Set1.pdf,2026_Main_English_Language_and_Literature_QP2_4_1_Set1.pdf,Class 10,English (Language and Literature),2026,Main Examination,2/4/1,1,KLNM4,16,93d1d0e372a469355d6977e730a9dca78cd916c8dadd706c88008228b1e2b470,HIGH,1,2/4/1 { } 1 P.T.O. Series : KLNM4 SET~1 Roll No. ENGLISH (Language and Literature) Time allowed : 3 hours Maximum Marks : 80 NOTE,"Class 10 English (Language and Literature) (2026 Main Examination, Set 1, QP 2/4/1)",Original / Retained,SORTED
1160-2_2-4-2 English (Lang. & Lit.) (1).pdf,English_Language_Literature/1160-2_2-4-2 English (Lang. & Lit.) (1).pdf,Class 10/English (Language and Literature)/2026/Main Examination/Set 2/2026_Main_English_Language_and_Literature_QP2_4_2_Set2.pdf,2026_Main_English_Language_and_Literature_QP2_4_2_Set2.pdf,Class 10,English (Language and Literature),2026,Main Examination,2/4/2,2,KLNM4,16,c1e22893390b69c48ac341c23a666fb204fca924ca2c54be72bff90329be7b9c,HIGH,1,2/4/2 { } 1 P.T.O. Series : KLNM4 SET~2 Roll No. ENGLISH (Language and Literature) Time allowed : 3 hours Maximum Marks : 80 NOTE,"Class 10 English (Language and Literature) (2026 Main Examination, Set 2, QP 2/4/2)",Original / Retained,SORTED
1160-3_2-4-3 English (Lang. & Lit.) (1).pdf,English_Language_Literature/1160-3_2-4-3 English (Lang. & Lit.) (1).pdf,Class 10/English (Language and Literature)/2026/Main Examination/Set 3/2026_Main_English_Language_and_Literature_QP2_4_3_Set3.pdf,2026_Main_English_Language_and_Literature_QP2_4_3_Set3.pdf,Class 10,English (Language and Literature),2026,Main Examination,2/4/3,3,KLNM4,16,e82a26f091b13715fb3f1afe97797ec5fd4e4259e11f2590c50e4b2f72962875,HIGH,1,2/4/3 { } 1 P.T.O. Series : KLNM4 SET~3 Roll No. ENGLISH (Language and Literature) Time allowed : 3 hours Maximum Marks : 80 NOTE,"Class 10 English (Language and Literature) (2026 Main Examination, Set 3, QP 2/4/3)",Original / Retained,SORTED
1161-1_2-5-1 English (Lang. & Lit.) (1).pdf,English_Language_Literature/1161-1_2-5-1 English (Lang. & Lit.) (1).pdf,Class 10/English (Language and Literature)/2026/Main Examination/Set 1/2026_Main_English_Language_and_Literature_QP2_5_1_Set1.pdf,2026_Main_English_Language_and_Literature_QP2_5_1_Set1.pdf,Class 10,English (Language and Literature),2026,Main Examination,2/5/1,1,MLNK5,16,d6bd1b60a3e9aaa3302354a4d2d009c91441328cddacd0366ed9aa27e7c92e3a,HIGH,1,2/5/1 { } 1 P.T.O. Series : MLNK5 SET~1 Roll No. ENGLISH (Language and Literature) Time allowed : 3 hours Maximum Marks : 80 NOTE,"Class 10 English (Language and Literature) (2026 Main Examination, Set 1, QP 2/5/1)",Original / Retained,SORTED
1161-2_2-5-2 English (Lang. & Lit.) (1).pdf,English_Language_Literature/1161-2_2-5-2 English (Lang. & Lit.) (1).pdf,Class 10/English (Language and Literature)/2026/Main Examination/Set 2/2026_Main_English_Language_and_Literature_QP2_5_2_Set2.pdf,2026_Main_English_Language_and_Literature_QP2_5_2_Set2.pdf,Class 10,English (Language and Literature),2026,Main Examination,2/5/2,2,MLNK5,16,134796555c5fc7a4640a4a705e765133eaab2b707178668d6417fd577f20071a,HIGH,1,2/5/2 { } 1 P.T.O. Series : MLNK5 SET~2 Roll No. ENGLISH (Language and Literature) Time allowed : 3 hours Maximum Marks : 80 NOTE,"Class 10 English (Language and Literature) (2026 Main Examination, Set 2, QP 2/5/2)",Original / Retained,SORTED
1161-3_2-5-3 English (Lang. & Lit.) (1).pdf,English_Language_Literature/1161-3_2-5-3 English (Lang. & Lit.) (1).pdf,Class 10/English (Language and Literature)/2026/Main Examination/Set 3/2026_Main_English_Language_and_Literature_QP2_5_3_Set3.pdf,2026_Main_English_Language_and_Literature_QP2_5_3_Set3.pdf,Class 10,English (Language and Literature),2026,Main Examination,2/5/3,3,MLNK5,16,b29cc4c9ee78ba1209e885371460a6945bfdfa6c22a7bed1e314c8d0591b1e70,HIGH,1,2/5/3 { } 1 P.T.O. Series : MLNK5 SET~3 Roll No. ENGLISH (Language and Literature) Time allowed : 3 hours Maximum Marks : 80 NOTE,"Class 10 English (Language and Literature) (2026 Main Examination, Set 3, QP 2/5/3)",Original / Retained,SORTED
2-1-1_English (Lang. & Lit.).pdf,English_Language_Literature/2-1-1_English (Lang. & Lit.).pdf,Class 10/English (Language and Literature)/2026/Main Examination/Set 1/2026_Main_English_Language_and_Literature_QP2_1_1_Set1.pdf,2026_Main_English_Language_and_Literature_QP2_1_1_Set1.pdf,Class 10,English (Language and Literature),2026,Main Examination,2/1/1,1,1MKLN,16,11908cdf23ca0184e044acd25d6bd6ced9dabe2771db3bd7edb73d211b04ca1e,HIGH,1,Series : 1MKLN Roll No. SET-1 Q.P.Code 2/1/1 Candidates must write the Q.P. Code on the title page of the answer-book. 0x0 ENGLISH (Language and,"Class 10 English (Language and Literature) (2026 Main Examination, Set 1, QP 2/1/1)",Original / Retained,SORTED
2-1-2_English (Lang. & Lit.).pdf,English_Language_Literature/2-1-2_English (Lang. & Lit.).pdf,Class 10/English (Language and Literature)/2026/Main Examination/Set 2/2026_Main_English_Language_and_Literature_QP2_1_2_Set2.pdf,2026_Main_English_Language_and_Literature_QP2_1_2_Set2.pdf,Class 10,English (Language and Literature),2026,Main Examination,2/1/2,2,1MKLN,16,bfe8c6759a3c2f7e343b425f1fea60b9fd3161501b3151312f729619c7023e25,HIGH,1,Series : 1MKLN Roll No. SET-2 Q.P.Code 2/1/2 Candidates must write the Q.P. Code on the title page of the answer-book. ENGLISH (Language and Literature),"Class 10 English (Language and Literature) (2026 Main Examination, Set 2, QP 2/1/2)",Original / Retained,SORTED
2-1-3_English (Lang. & Lit.).pdf,English_Language_Literature/2-1-3_English (Lang. & Lit.).pdf,Class 10/English (Language and Literature)/2026/Main Examination/Set 3/2026_Main_English_Language_and_Literature_QP2_1_3_Set3.pdf,2026_Main_English_Language_and_Literature_QP2_1_3_Set3.pdf,Class 10,English (Language and Literature),2026,Main Examination,2/1/3,3,1MKLN,16,5fda735fda3aad5a248fd85fdb168c50dfae20e34c265843093e09a0bdb17f10,HIGH,1,Series : 1MKLN Roll No. SET-3 Q.P.Code 2/1/3 Candidates must write the Q.P. Code on the title page of the answer-book. ENGLISH (Language and Literature),"Class 10 English (Language and Literature) (2026 Main Examination, Set 3, QP 2/1/3)",Original / Retained,SORTED
2-2-1 (1).pdf,English_Language_Literature/2-2-1 (1).pdf,Class 10/English (Language and Literature)/2026/Main Examination/Set 1/2026_Main_English_Language_and_Literature_QP2_2_1_Set1.pdf,2026_Main_English_Language_and_Literature_QP2_2_1_Set1.pdf,Class 10,English (Language and Literature),2026,Main Examination,2/2/1,1,MNL2K,19,b6c30c93a8f120f043409a1ca82673cabb09281d873931acc65892014fe68ddd,HIGH,1,2/2/1 [ ] 1 P.T.O. Candidates must write the Q.P. Code on the title page of the answer-book. Series : MNL2K SET~1 Q.P. Code Roll,"Class 10 English (Language and Literature) (2026 Main Examination, Set 1, QP 2/2/1)",Original / Retained,SORTED
2-2-2 (1).pdf,English_Language_Literature/2-2-2 (1).pdf,Class 10/English (Language and Literature)/2026/Main Examination/Set 2/2026_Main_English_Language_and_Literature_QP2_2_2_Set2.pdf,2026_Main_English_Language_and_Literature_QP2_2_2_Set2.pdf,Class 10,English (Language and Literature),2026,Main Examination,2/2/2,2,MNL2K,19,67a075eedf8e2b988777af72faab67906ceaabb0a8001b8588cf4e75fc972651,HIGH,1,2/2/2 [ ] 1 P.T.O. Candidates must write the Q.P. Code on the title page of the answer-book. Series : MNL2K SET~2 Q.P. Code Roll,"Class 10 English (Language and Literature) (2026 Main Examination, Set 2, QP 2/2/2)",Original / Retained,SORTED
2-2-3 (1).pdf,English_Language_Literature/2-2-3 (1).pdf,Class 10/English (Language and Literature)/2026/Main Examination/Set 3/2026_Main_English_Language_and_Literature_QP2_2_3_Set3.pdf,2026_Main_English_Language_and_Literature_QP2_2_3_Set3.pdf,Class 10,English (Language and Literature),2026,Main Examination,2/2/3,3,MNL2K,19,167e3c2b4e0e89116beb8659dbaf6b61918b031c83d844871d4413142d132b8b,HIGH,1,2/2/3 [ ] 1 P.T.O. Candidates must write the Q.P. Code on the title page of the answer-book. Series : MNL2K SET~3 Q.P. Code Roll,"Class 10 English (Language and Literature) (2026 Main Examination, Set 3, QP 2/2/3)",Original / Retained,SORTED
2-3-1 (1).pdf,English_Language_Literature/2-3-1 (1).pdf,Class 10/English (Language and Literature)/2026/Main Examination/Set 1/2026_Main_English_Language_and_Literature_QP2_3_1_Set1.pdf,2026_Main_English_Language_and_Literature_QP2_3_1_Set1.pdf,Class 10,English (Language and Literature),2026,Main Examination,2/3/1,1,3KMLN,19,b651f39db7e6e83fa5fff844127eb766325ff1eed0548c00b869d1de2f93c916,HIGH,1,2/3/1 [ ] 1 P.T.O. Candidates must write the Q.P. Code on the title page of the answer-book. Series : 3KMLN SET~1 Q.P. Code Roll,"Class 10 English (Language and Literature) (2026 Main Examination, Set 1, QP 2/3/1)",Original / Retained,SORTED
2-3-2 (1).pdf,English_Language_Literature/2-3-2 (1).pdf,Class 10/English (Language and Literature)/2026/Main Examination/Set 2/2026_Main_English_Language_and_Literature_QP2_3_2_Set2.pdf,2026_Main_English_Language_and_Literature_QP2_3_2_Set2.pdf,Class 10,English (Language and Literature),2026,Main Examination,2/3/2,2,3KMLN,19,bd0ea60aa92299e8e04e374a4c874844bc0227e73013296c1dd4346b4817f601,HIGH,1,2/3/2 [ ] 1 P.T.O. Candidates must write the Q.P. Code on the title page of the answer-book. Series : 3KMLN SET~2 Q.P. Code Roll,"Class 10 English (Language and Literature) (2026 Main Examination, Set 2, QP 2/3/2)",Original / Retained,SORTED
2-3-3 (1).pdf,English_Language_Literature/2-3-3 (1).pdf,Class 10/English (Language and Literature)/2026/Main Examination/Set 3/2026_Main_English_Language_and_Literature_QP2_3_3_Set3.pdf,2026_Main_English_Language_and_Literature_QP2_3_3_Set3.pdf,Class 10,English (Language and Literature),2026,Main Examination,2/3/3,3,3KMLN,19,f494d88f65ec6232faedd3eaedb42992a6a5a5485e58e568ac526f13cf841bf7,HIGH,1,2/3/3 [ ] 1 P.T.O. Candidates must write the Q.P. Code on the title page of the answer-book. Series : 3KMLN SET~3 Q.P. Code Roll,"Class 10 English (Language and Literature) (2026 Main Examination, Set 3, QP 2/3/3)",Original / Retained,SORTED
English_communicative 2.pdf,English_communicative 2.pdf,Class 10/English Communicative/2026/Main Examination/Set 4/2026_Main_English_Communicative_QP80_Set4.pdf,2026_Main_English_Communicative_QP80_Set4.pdf,Class 10,English Communicative,2026,Main Examination,80,4,MNL2K,11,f62d1f00bc6dbb005bdb73771e5baf416593a9688a67bd13466e94c035e0bfa3,HIGH,1,1 [ ] 1 P.T.O. Candidates must write the Q.P. Code on the title page of the answer-book. Series : MNL2K SET~4 Q.P. Code Roll,"Class 10 English Communicative (2026 Main Examination, Set 4, QP 80)",Original / Retained,SORTED
2-6-1_English language and Literature.pdf,English_language_and_Literature 2/2-6-1_English language and Literature.pdf,Class 10/English (Language and Literature)/2022/Compartment Examination/Set 1/2022_Compartment_English_Language_and_Literature_QP2_6_1_Set1.pdf,2022_Compartment_English_Language_and_Literature_QP2_6_1_Set1.pdf,Class 10,English (Language and Literature),2022,Compartment Examination,2/6/1,1,SRQPE/C,7,4e919be67e500e5069b998065a5280b192c82ba23c0f0dff832521654bfd9163,HIGH,1,2/6/1 Page 1 of 7 P.T.O. Candidates must write the Q.P. Code on the title page of the answer-book. ENGLISH (Lan guag e and Literature,"Class 10 English (Language and Literature) (2022 Compartment Examination, Set 1, QP 2/6/1)",Duplicate of English_language_and_Literature/2-6-1_English language and Literature.pdf,DELETED_DUPLICATE
2-6-2_English language and Literature.pdf,English_language_and_Literature 2/2-6-2_English language and Literature.pdf,Class 10/English (Language and Literature)/2022/Compartment Examination/Set 2/2022_Compartment_English_Language_and_Literature_QP2_6_2_Set2.pdf,2022_Compartment_English_Language_and_Literature_QP2_6_2_Set2.pdf,Class 10,English (Language and Literature),2022,Compartment Examination,2/6/2,2,SRQPE/C,7,80bc169e9a2f9f8c50f99f853dff51930b90400a058c549a94b34836137eb1b5,HIGH,1,2/6/2 Page 1 of 7 P.T.O. Candidates must write the Q.P. Code on the title page of the answer-book. ENGLISH (Lan guag e and Literature,"Class 10 English (Language and Literature) (2022 Compartment Examination, Set 2, QP 2/6/2)",Duplicate of English_language_and_Literature/2-6-2_English language and Literature.pdf,DELETED_DUPLICATE
2-6-3_English language and Literature.pdf,English_language_and_Literature 2/2-6-3_English language and Literature.pdf,Class 10/English (Language and Literature)/2022/Compartment Examination/Set 3/2022_Compartment_English_Language_and_Literature_QP2_6_3_Set3.pdf,2022_Compartment_English_Language_and_Literature_QP2_6_3_Set3.pdf,Class 10,English (Language and Literature),2022,Compartment Examination,2/6/3,3,SRQPE/C,7,9dec2fd28a344e11134cba23926de0c6c2bef53770b62a90b6c35779d4e21de1,HIGH,1,2/6/3 Page 1 of 7 P.T.O. Candidates must write the Q.P. Code on the title page of the answer-book. ENGLISH (Lan guag e and Literature,"Class 10 English (Language and Literature) (2022 Compartment Examination, Set 3, QP 2/6/3)",Duplicate of English_language_and_Literature/2-6-3_English language and Literature.pdf,DELETED_DUPLICATE
2-6-1_English language and Literature.pdf,English_language_and_Literature/2-6-1_English language and Literature.pdf,Class 10/English (Language and Literature)/2022/Compartment Examination/Set 1/2022_Compartment_English_Language_and_Literature_QP2_6_1_Set1.pdf,2022_Compartment_English_Language_and_Literature_QP2_6_1_Set1.pdf,Class 10,English (Language and Literature),2022,Compartment Examination,2/6/1,1,SRQPE/C,7,4e919be67e500e5069b998065a5280b192c82ba23c0f0dff832521654bfd9163,HIGH,1,2/6/1 Page 1 of 7 P.T.O. Candidates must write the Q.P. Code on the title page of the answer-book. ENGLISH (Lan guag e and Literature,"Class 10 English (Language and Literature) (2022 Compartment Examination, Set 1, QP 2/6/1)",Original / Retained,SORTED
2-6-2_English language and Literature.pdf,English_language_and_Literature/2-6-2_English language and Literature.pdf,Class 10/English (Language and Literature)/2022/Compartment Examination/Set 2/2022_Compartment_English_Language_and_Literature_QP2_6_2_Set2.pdf,2022_Compartment_English_Language_and_Literature_QP2_6_2_Set2.pdf,Class 10,English (Language and Literature),2022,Compartment Examination,2/6/2,2,SRQPE/C,7,80bc169e9a2f9f8c50f99f853dff51930b90400a058c549a94b34836137eb1b5,HIGH,1,2/6/2 Page 1 of 7 P.T.O. Candidates must write the Q.P. Code on the title page of the answer-book. ENGLISH (Lan guag e and Literature,"Class 10 English (Language and Literature) (2022 Compartment Examination, Set 2, QP 2/6/2)",Original / Retained,SORTED
2-6-3_English language and Literature.pdf,English_language_and_Literature/2-6-3_English language and Literature.pdf,Class 10/English (Language and Literature)/2022/Compartment Examination/Set 3/2022_Compartment_English_Language_and_Literature_QP2_6_3_Set3.pdf,2022_Compartment_English_Language_and_Literature_QP2_6_3_Set3.pdf,Class 10,English (Language and Literature),2022,Compartment Examination,2/6/3,3,SRQPE/C,7,9dec2fd28a344e11134cba23926de0c6c2bef53770b62a90b6c35779d4e21de1,HIGH,1,2/6/3 Page 1 of 7 P.T.O. Candidates must write the Q.P. Code on the title page of the answer-book. ENGLISH (Lan guag e and Literature,"Class 10 English (Language and Literature) (2022 Compartment Examination, Set 3, QP 2/6/3)",Original / Retained,SORTED
Information_Technology 10.pdf,Information_Technology 10.pdf,Class 10/Information Technology/2026/Main Examination/Set 4/2026_Main_Information_Technology_QP666_Set4.pdf,2026_Main_Information_Technology_QP666_Set4.pdf,Class 10,Information Technology,2026,Main Examination,666,4,Q3SPR,32,b2ddc057f7e8a02e8056d1197717e7423ccc04aff4d525691ad5f4977b0807da,HIGH,1,666 326* 1 * P a g e P.T.O. परीक्षार्थी प्रश् न-पत्र कोड को उत्तर-पुस्तिका के मुख-पृष्ठ पर अवश्य स्िखें । Candidates must write the,"Class 10 Information Technology (2026 Main Examination, Set 4, QP 666)",Original / Retained,SORTED
Information_Technology 11.pdf,Information_Technology 11.pdf,Class 12/Information Technology/2026/Supplementary Examination/Set 4/2026_Supplementary_Information_Technology_QP326_Set4.pdf,2026_Supplementary_Information_Technology_QP326_Set4.pdf,Class 12,Information Technology,2026,Supplementary Examination,326,4,S7PQR,31,efad0b406e971394f48fc324c6f2ce930c5352854a626897d193a075bd97a135,HIGH,1,326/7 1 * [ P.T.O. ] परीक्षार्थी प्रश् न-पत्र कोड को उत्तर-पुस्तिका के मुख-पृष्ठ पर अवश्य स्िखें । Candidates must write the Q.P. Code on,"Class 12 Information Technology (2026 Supplementary Examination, Set 4, QP 326)",Original / Retained,SORTED
Information_Technology 12.pdf,Information_Technology 12.pdf,Class 12/Information Technology/2025/Supplementary Examination/Set 4/2025_Supplementary_Information_Technology_QP326_Set4.pdf,2025_Supplementary_Information_Technology_QP326_Set4.pdf,Class 12,Information Technology,2025,Supplementary Examination,326,4,WXYZ/S,23,8cd4433d9f1c96b86efae55f2b5eb1f716c4ead0b88f5191e71c5157b12c2fe3,HIGH,1,326/S Page 1 of 23 # P.T.O. परीा न-प कोड को उर-पुिका के मुख-पृ पर अव य  ख । Candidates must write the Q.P.,"Class 12 Information Technology (2025 Supplementary Examination, Set 4, QP 326)",Original / Retained,SORTED
Information_Technology 2.pdf,Information_Technology 2.pdf,Class 10/Information Technology/2023/Compartment Examination/Set 4/2023_Compartment_Information_Technology_QP89_Set4.pdf,2023_Compartment_Information_Technology_QP89_Set4.pdf,Class 10,Information Technology,2023,Compartment Examination,89,4,YZXW/C,15,34777bd2a7f270ef55fbf551b4f117689cc985bda52cb6288163ec7084b5650b,HIGH,1,89 Page 1 of 15 P.T.O. Series YZXW/C Set-4 àíZ-nÌ H$moS> Q.P. Code amob Z§. Roll No. gyMZm àm¡Úmo{JH$s INFORMATION TECHNOLOGY : 2 : 50,"Class 10 Information Technology (2023 Compartment Examination, Set 4, QP 89)",Duplicate of Information_Technology.pdf,DELETED_DUPLICATE
Information_Technology 3.pdf,Information_Technology 3.pdf,Class 12/Information Technology/2023/Compartment Examination/Set 4/2023_Compartment_Information_Technology_QP326_Set4.pdf,2023_Compartment_Information_Technology_QP326_Set4.pdf,Class 12,Information Technology,2023,Compartment Examination,326,4,FGHE/C,19,fea7907e6b5045c6e53f1911e1b472cbe3baf8c86594b6a1fe1693fb4f2146b8,HIGH,1,326 Page 1 of 19 P.T.O. Series FGHE/C Set-4 àíZ-nÌ H$moS> Q.P. Code amob Z§. Roll No. gyMZm àm¡Úmo{JH$s INFORMATION TECHNOLOGY : 3 : 60,"Class 12 Information Technology (2023 Compartment Examination, Set 4, QP 326)",Original / Retained,SORTED
Information_Technology 4.pdf,Information_Technology 4.pdf,Class 12/Information Technology/2023/Compartment Examination/Set 4/2023_Compartment_Information_Technology_QP326_Set4.pdf,2023_Compartment_Information_Technology_QP326_Set4.pdf,Class 12,Information Technology,2023,Compartment Examination,326,4,FGHE/C,19,fea7907e6b5045c6e53f1911e1b472cbe3baf8c86594b6a1fe1693fb4f2146b8,HIGH,1,326 Page 1 of 19 P.T.O. Series FGHE/C Set-4 àíZ-nÌ H$moS> Q.P. Code amob Z§. Roll No. gyMZm àm¡Úmo{JH$s INFORMATION TECHNOLOGY : 3 : 60,"Class 12 Information Technology (2023 Compartment Examination, Set 4, QP 326)",Duplicate of Information_Technology 3.pdf,DELETED_DUPLICATE
Information_Technology 5.pdf,Information_Technology 5.pdf,Class 10/Information Technology/2025/Supplementary Examination/Set 4/2025_Supplementary_Information_Technology_QP89_Set4.pdf,2025_Supplementary_Information_Technology_QP89_Set4.pdf,Class 10,Information Technology,2025,Supplementary Examination,89,4,EFGH/S,19,337ea92b892519fcc2798f77bd90a38120697e48526828d76165a5a74d4b9ecf,HIGH,1,89/S # 1| P a g e P.T.O. Candidates must write the Q.P. Code on the title page of the answer-book. Series : EFGH/S SET~4,"Class 10 Information Technology (2025 Supplementary Examination, Set 4, QP 89)",Original / Retained,SORTED
Information_Technology 6.pdf,Information_Technology 6.pdf,Class 12/Information Technology/2025/Supplementary Examination/Set 4/2025_Supplementary_Information_Technology_QP326_Set4.pdf,2025_Supplementary_Information_Technology_QP326_Set4.pdf,Class 12,Information Technology,2025,Supplementary Examination,326,4,WXYZ/S,23,8cd4433d9f1c96b86efae55f2b5eb1f716c4ead0b88f5191e71c5157b12c2fe3,HIGH,1,326/S Page 1 of 23 # P.T.O. परीा न-प कोड को उर-पुिका के मुख-पृ पर अव य  ख । Candidates must write the Q.P.,"Class 12 Information Technology (2025 Supplementary Examination, Set 4, QP 326)",Duplicate of Information_Technology 12.pdf,DELETED_DUPLICATE
Information_Technology 7.pdf,Information_Technology 7.pdf,Class 10/Information Technology/2026/Main Examination/Set 4/2026_Main_Information_Technology_QP89_Set4.pdf,2026_Main_Information_Technology_QP89_Set4.pdf,Class 10,Information Technology,2026,Main Examination,89,4,2KNLM,23,4245cd97ba67389ac94293a8f0d912e91e31275d9a8965846d0ce4eaab0dd369,HIGH,1,89^ Page 1 [ ] P.T.O. परीक्षार्थी प्रश् न-पत्र कोड को उत्तर-पुस्तिका के मुख-पृष्ठ पर अवश्य स्िखें । Candidates must write the Q.P. Code on,"Class 10 Information Technology (2026 Main Examination, Set 4, QP 89)",Original / Retained,SORTED
Information_Technology 8.pdf,Information_Technology 8.pdf,Class 12/Information Technology/2025/Supplementary Examination/Set 4/2025_Supplementary_Information_Technology_QP326_Set4.pdf,2025_Supplementary_Information_Technology_QP326_Set4.pdf,Class 12,Information Technology,2025,Supplementary Examination,326,4,WXYZ/S,23,8cd4433d9f1c96b86efae55f2b5eb1f716c4ead0b88f5191e71c5157b12c2fe3,HIGH,1,326/S Page 1 of 23 # P.T.O. परीा न-प कोड को उर-पुिका के मुख-पृ पर अव य  ख । Candidates must write the Q.P.,"Class 12 Information Technology (2025 Supplementary Examination, Set 4, QP 326)",Duplicate of Information_Technology 12.pdf,DELETED_DUPLICATE
Information_Technology 9.pdf,Information_Technology 9.pdf,Class 10/Information Technology/2026/Main Examination/Set 4/2026_Main_Information_Technology_QP666_Set4.pdf,2026_Main_Information_Technology_QP666_Set4.pdf,Class 10,Information Technology,2026,Main Examination,666,4,Q3SPR,32,b2ddc057f7e8a02e8056d1197717e7423ccc04aff4d525691ad5f4977b0807da,HIGH,1,666 326* 1 * P a g e P.T.O. परीक्षार्थी प्रश् न-पत्र कोड को उत्तर-पुस्तिका के मुख-पृष्ठ पर अवश्य स्िखें । Candidates must write the,"Class 10 Information Technology (2026 Main Examination, Set 4, QP 666)",Duplicate of Information_Technology 10.pdf,DELETED_DUPLICATE
Information_Technology.pdf,Information_Technology.pdf,Class 10/Information Technology/2023/Compartment Examination/Set 4/2023_Compartment_Information_Technology_QP89_Set4.pdf,2023_Compartment_Information_Technology_QP89_Set4.pdf,Class 10,Information Technology,2023,Compartment Examination,89,4,YZXW/C,15,34777bd2a7f270ef55fbf551b4f117689cc985bda52cb6288163ec7084b5650b,HIGH,1,89 Page 1 of 15 P.T.O. Series YZXW/C Set-4 àíZ-nÌ H$moS> Q.P. Code amob Z§. Roll No. gyMZm àm¡Úmo{JH$s INFORMATION TECHNOLOGY : 2 : 50,"Class 10 Information Technology (2023 Compartment Examination, Set 4, QP 89)",Original / Retained,SORTED
SHORTHAND_ENGLISH.pdf,SHORTHAND_ENGLISH.pdf,Class 12/Shorthand (English)/2023/Compartment Examination/Set 4/2023_Compartment_Shorthand_English_QP349_Set4.pdf,2023_Compartment_Shorthand_English_QP349_Set4.pdf,Class 12,Shorthand (English),2023,Compartment Examination,349,4,HEFG/C,7,23bd3ab3c748e2635c9713d6d498800c1cdf7499cdeac47b7e5c4ece28ed5611,HIGH,1,349 Page 1 of 7 P.T.O. Series HEFG/C Set-4 Q.P. Code Roll No. SHORTHAND (ENGLISH) (Theory) Time allowed : 3 hours Maximum Marks : 60,"Class 12 Shorthand (English) (2023 Compartment Examination, Set 4, QP 349)",Original / Retained,SORTED
TYPOGRAPHY_AND_COM_APP.pdf,TYPOGRAPHY_AND_COM_APP.pdf,Class 12/Typography and Computer Applications/2023/Compartment Examination/Set 4/2023_Compartment_Typography_and_Computer_Applications_QP341_Set4.pdf,2023_Compartment_Typography_and_Computer_Applications_QP341_Set4.pdf,Class 12,Typography and Computer Applications,2023,Compartment Examination,341,4,HEFG/C,15,383559403ebe3b7e983f3be14fb7b324677695a838ceb3906eebc7ccf8ff8206,HIGH,1,341 Page 1 of 15 P.T.O. Series HEFG/C Set-4 àíZ-nÌ H$moS> Q.P. Code amob Z§. Roll No. Q>mBnmoJ«m\$s VWm H$åß`yQ>a AZwà`moJ TYPOGRAPHY AND COMPUTER APPLICATIONS,"Class 12 Typography and Computer Applications (2023 Compartment Examination, Set 4, QP 341)",Original / Retained,SORTED
Typography_&_Computer_Revised.pdf,Typography_&_Computer_Revised.pdf,Class 12/Typography and Computer Applications/2026/Supplementary Examination/Set 4/2026_Supplementary_Typography_and_Computer_Applications_QP341_Set4.pdf,2026_Supplementary_Typography_and_Computer_Applications_QP341_Set4.pdf,Class 12,Typography and Computer Applications,2026,Supplementary Examination,341,4,S7PQR,15,fc40689ed4aa01004ef30fd870edf7643d5c60870d0c61a2d9cd0c8fe82b2987,HIGH,1,341/7 1 P.T.O. परीक्षार्थी प्रश् न-पत्र कोड को उत्तर-पुस्तिका के मुख-पृष्ठ पर अवश्य स्िखें । Candidates must write the Q.P. Code on the title page,"Class 12 Typography and Computer Applications (2026 Supplementary Examination, Set 4, QP 341)",Original / Retained,SORTED
Typography_Computer 2.pdf,Typography_Computer 2.pdf,Class 12/Typography and Computer Applications/2026/Main Examination/Set 4/2026_Main_Typography_and_Computer_Applications_QP341_Set4.pdf,2026_Main_Typography_and_Computer_Applications_QP341_Set4.pdf,Class 12,Typography and Computer Applications,2026,Main Examination,341,4,,12,8025a49d41d60fa1c41f13031754de3a012dbd222452372921397dc0a36c8729,HIGH,1,341 [ ] Page 1 of P.T.O. परीक्षार्थी प्रश् न-पत्र कोड को उत्तर-पुस्तिका के मुख-पृष्ठ पर अवश्य स्िखें । Candidates must write the Q.P. Code,"Class 12 Typography and Computer Applications (2026 Main Examination, Set 4, QP 341)",Original / Retained,SORTED
Typography_Computer 3.pdf,Typography_Computer 3.pdf,Class 12/Typography and Computer Applications/2026/Main Examination/Set 4/2026_Main_Typography_and_Computer_Applications_QP341_Set4.pdf,2026_Main_Typography_and_Computer_Applications_QP341_Set4.pdf,Class 12,Typography and Computer Applications,2026,Main Examination,341,4,,12,8025a49d41d60fa1c41f13031754de3a012dbd222452372921397dc0a36c8729,HIGH,1,341 [ ] Page 1 of P.T.O. परीक्षार्थी प्रश् न-पत्र कोड को उत्तर-पुस्तिका के मुख-पृष्ठ पर अवश्य स्िखें । Candidates must write the Q.P. Code,"Class 12 Typography and Computer Applications (2026 Main Examination, Set 4, QP 341)",Duplicate of Typography_Computer 2.pdf,DELETED_DUPLICATE
Typography_Computer 4.pdf,Typography_Computer 4.pdf,Class 12/Typography and Computer Applications/2026/Main Examination/Set 4/2026_Main_Typography_and_Computer_Applications_QP341_Set4.pdf,2026_Main_Typography_and_Computer_Applications_QP341_Set4.pdf,Class 12,Typography and Computer Applications,2026,Main Examination,341,4,,12,8025a49d41d60fa1c41f13031754de3a012dbd222452372921397dc0a36c8729,HIGH,1,341 [ ] Page 1 of P.T.O. परीक्षार्थी प्रश् न-पत्र कोड को उत्तर-पुस्तिका के मुख-पृष्ठ पर अवश्य स्िखें । Candidates must write the Q.P. Code,"Class 12 Typography and Computer Applications (2026 Main Examination, Set 4, QP 341)",Duplicate of Typography_Computer 2.pdf,DELETED_DUPLICATE
Typography_Computer 5.pdf,Typography_Computer 5.pdf,Class 12/Typography and Computer Applications/2026/Main Examination/Set 4/2026_Main_Typography_and_Computer_Applications_QP341_Set4.pdf,2026_Main_Typography_and_Computer_Applications_QP341_Set4.pdf,Class 12,Typography and Computer Applications,2026,Main Examination,341,4,,12,8025a49d41d60fa1c41f13031754de3a012dbd222452372921397dc0a36c8729,HIGH,1,341 [ ] Page 1 of P.T.O. परीक्षार्थी प्रश् न-पत्र कोड को उत्तर-पुस्तिका के मुख-पृष्ठ पर अवश्य स्िखें । Candidates must write the Q.P. Code,"Class 12 Typography and Computer Applications (2026 Main Examination, Set 4, QP 341)",Duplicate of Typography_Computer 2.pdf,DELETED_DUPLICATE
Typography_Computer.pdf,Typography_Computer.pdf,Class 12/Typography and Computer Applications/2025/Supplementary Examination/Set 4/2025_Supplementary_Typography_and_Computer_Applications_QP341_Set4.pdf,2025_Supplementary_Typography_and_Computer_Applications_QP341_Set4.pdf,Class 12,Typography and Computer Applications,2025,Supplementary Examination,341,4,WXYZ/S,11,ff75a9eb3b5d7c3d5bb82a22b17f1f87fff09e721259339475e541bde2923773,HIGH,1,*341/S* 1 # [ P.T.O. ] *SNOITACILPPA RETUPMOC DNA YHPARGOPYT* परीा न-प कोड को उर-पुिका के मुख-पृ पर अव य  ख । Candidates must,"Class 12 Typography and Computer Applications (2025 Supplementary Examination, Set 4, QP 341)",Original / Retained,SORTED
WEB_APPLICATIONS 2.pdf,WEB_APPLICATIONS 2.pdf,Class 12/Web Applications/2025/Supplementary Examination/Set 4/2025_Supplementary_Web_Applications_QP327_Set4.pdf,2025_Supplementary_Web_Applications_QP327_Set4.pdf,Class 12,Web Applications,2025,Supplementary Examination,327,4,WXYZ/S,23,f19855f7a8591de531c9512e275d4f144394b7e253b7f0604e31e1de8321ca55,HIGH,1,# 327/S Page 1 of 23 P.T.O. परीा न-प कोड को उर-पुिका के मुख-पृ पर अव य  ख । Candidates must write the Q.P.,"Class 12 Web Applications (2025 Supplementary Examination, Set 4, QP 327)",Original / Retained,SORTED
WEB_APPLICATIONS 3.pdf,WEB_APPLICATIONS 3.pdf,Class 12/Web Applications/2025/Supplementary Examination/Set 4/2025_Supplementary_Web_Applications_QP327_Set4.pdf,2025_Supplementary_Web_Applications_QP327_Set4.pdf,Class 12,Web Applications,2025,Supplementary Examination,327,4,WXYZ/S,23,f19855f7a8591de531c9512e275d4f144394b7e253b7f0604e31e1de8321ca55,HIGH,1,# 327/S Page 1 of 23 P.T.O. परीा न-प कोड को उर-पुिका के मुख-पृ पर अव य  ख । Candidates must write the Q.P.,"Class 12 Web Applications (2025 Supplementary Examination, Set 4, QP 327)",Duplicate of WEB_APPLICATIONS 2.pdf,DELETED_DUPLICATE
WEB_APPLICATIONS 4.pdf,WEB_APPLICATIONS 4.pdf,Class 12/Web Applications/2026/Main Examination/Set 4/2026_Main_Web_Applications_QP327_Set4.pdf,2026_Main_Web_Applications_QP327_Set4.pdf,Class 12,Web Applications,2026,Main Examination,327,4,SR3PQ,27,866056acf28ad7e995e2bd8bbc56b31cdecd5df9bd0ea7e0db32debbf816162c,HIGH,1,b 327 * 1 P.T.O. परीक्षार्थी प्रश् न-पत्र कोड को उत्तर-पुस्तिका के मुख-पृष्ठ पर अवश्य लिखें । Candidates must write the Q.P. Code on the,"Class 12 Web Applications (2026 Main Examination, Set 4, QP 327)",Original / Retained,SORTED
WEB_APPLICATIONS 5.pdf,WEB_APPLICATIONS 5.pdf,Class 12/Web Applications/2026/Supplementary Examination/Set 4/2026_Supplementary_Web_Applications_QP327_Set4.pdf,2026_Supplementary_Web_Applications_QP327_Set4.pdf,Class 12,Web Applications,2026,Supplementary Examination,327,4,S7PQR,31,6c7d90e1fe977bc35fcb6571073dbc754b9ad32c76051d4c33b9a58278272b25,HIGH,1,327/7 1 * [ P.T.O. ] परीक्षार्थी प्रश् न-पत्र कोड को उत्तर-पुस्तिका के मुख-पृष्ठ पर अवश्य स्िखें । Candidates must write the Q.P. Code on,"Class 12 Web Applications (2026 Supplementary Examination, Set 4, QP 327)",Original / Retained,SORTED
WEB_APPLICATIONS.pdf,WEB_APPLICATIONS.pdf,Class 12/Web Applications/2023/Compartment Examination/Set 4/2023_Compartment_Web_Applications_QP327_Set4.pdf,2023_Compartment_Web_Applications_QP327_Set4.pdf,Class 12,Web Applications,2023,Compartment Examination,327,4,FGHE/C,7,dec699a700de79639fe5bb98eabb92e99d941ad28249fa364da30e7ad105fab8,HIGH,1,327 Page 1 of 7 P.T.O. Series FGHE/C Set-4 Q.P. Code Roll No. WEB APPLICATIONS Time allowed : 3 hours Maximum Marks : 60 Please,"Class 12 Web Applications (2023 Compartment Examination, Set 4, QP 327)",Original / Retained,SORTED
