Original Path,Original Filename,Status,Final Path,Final Filename,Reason
1-S English Communitive.pdf,1-S English Communitive.pdf,SORTED,Class 10/English Communicative/2024/Supplementary Examination/Set 4/2024_Supplementary_English_Communicative_QP11_Set4.pdf,2024_Supplementary_English_Communicative_QP11_Set4.pdf,Classified and organized based on document content
104 Artificial Intelligence.pdf,104 Artificial Intelligence.pdf,SORTED,Class 10/Artificial Intelligence/2022/Main Examination/Set 4/2022_Main_Artificial_Intelligence_QPCamaidates_Set4.pdf,2022_Main_Artificial_Intelligence_QPCamaidates_Set4.pdf,Classified and organized based on document content
104_Artificial_Intelleigence_NEW.pdf,104_Artificial_Intelleigence_NEW.pdf,SORTED,Class 10/Artificial Intelligence/2025/Main Examination/Set 4/2025_Main_Artificial_Intelligence_QP104_Set4.pdf,2025_Main_Artificial_Intelligence_QP104_Set4.pdf,Classified and organized based on document content
104_Artificial_Intelligence 2.pdf,104_Artificial_Intelligence 2.pdf,DELETED_DUPLICATE,Class 10/Artificial Intelligence/2023/Main Examination/Set 4/2023_Main_Artificial_Intelligence_QP104_Set4.pdf,2023_Main_Artificial_Intelligence_QP104_Set4.pdf,Exact duplicate of 104_Artificial_Intelligence.pdf
104_Artificial_Intelligence 3.pdf,104_Artificial_Intelligence 3.pdf,SORTED,Class 10/Artificial Intelligence/2024/Main Examination/Set 4/2024_Main_Artificial_Intelligence_QPSet-4_Set4.pdf,2024_Main_Artificial_Intelligence_QPSet-4_Set4.pdf,Classified and organized based on document content
104_Artificial_Intelligence.pdf,104_Artificial_Intelligence.pdf,SORTED,Class 10/Artificial Intelligence/2023/Main Examination/Set 4/2023_Main_Artificial_Intelligence_QP104_Set4.pdf,2023_Main_Artificial_Intelligence_QP104_Set4.pdf,Classified and organized based on document content
106_Data_Science 2.pdf,106_Data_Science 2.pdf,SORTED,Class 10/Data Science/2023/Main Examination/Set 4/2023_Main_Data_Science_QP106_Set4.pdf,2023_Main_Data_Science_QP106_Set4.pdf,Classified and organized based on document content
106_Data_Science copy.pdf,106_Data_Science copy.pdf,SORTED,Class 10/Data Science/2024/Main Examination/Set 4/2024_Main_Data_Science_QP106_Set4.pdf,2024_Main_Data_Science_QP106_Set4.pdf,Classified and organized based on document content
106_Data_Science.pdf,106_Data_Science.pdf,SORTED,Class 10/Data Science/2025/Main Examination/Set 4/2025_Main_Data_Science_QP106_Set4.pdf,2025_Main_Data_Science_QP106_Set4.pdf,Classified and organized based on document content
107_Electronics_Hardware 2.pdf,107_Electronics_Hardware 2.pdf,DELETED_DUPLICATE,Class 10/Electronics and Hardware/2024/Main Examination/Set 4/2024_Main_Electronics_and_Hardware_QP107_Set4.pdf,2024_Main_Electronics_and_Hardware_QP107_Set4.pdf,Exact duplicate of 107_Electronics_Hardware.pdf
107_Electronics_Hardware.pdf,107_Electronics_Hardware.pdf,SORTED,Class 10/Electronics and Hardware/2024/Main Examination/Set 4/2024_Main_Electronics_and_Hardware_QP107_Set4.pdf,2024_Main_Electronics_and_Hardware_QP107_Set4.pdf,Classified and organized based on document content
107_Electronics_and_Hardware.pdf,107_Electronics_and_Hardware.pdf,SORTED,Class 10/Electronics and Hardware/2025/Main Examination/Set 4/2025_Main_Electronics_and_Hardware_QP107_Set4.pdf,2025_Main_Electronics_and_Hardware_QP107_Set4.pdf,Classified and organized based on document content
184_English_Language_and_Literature/2-1-1_English Language and Literature.pdf,2-1-1_English Language and Literature.pdf,SORTED,Class 10/English (Language and Literature)/2025/Main Examination/Set 1/2025_Main_English_Language_and_Literature_QP2_1_1_Set1.pdf,2025_Main_English_Language_and_Literature_QP2_1_1_Set1.pdf,Classified and organized based on document content
184_English_Language_and_Literature/2-1-2_English Language and Literature.pdf,2-1-2_English Language and Literature.pdf,SORTED,Class 10/English (Language and Literature)/2025/Main Examination/Set 2/2025_Main_English_Language_and_Literature_QP2_1_2_Set2.pdf,2025_Main_English_Language_and_Literature_QP2_1_2_Set2.pdf,Classified and organized based on document content
184_English_Language_and_Literature/2-1-3_English Language and Literature.pdf,2-1-3_English Language and Literature.pdf,SORTED,Class 10/English (Language and Literature)/2025/Main Examination/Set 3/2025_Main_English_Language_and_Literature_QP2_1_3_Set3.pdf,2025_Main_English_Language_and_Literature_QP2_1_3_Set3.pdf,Classified and organized based on document content
184_English_Language_and_Literature/2-2-1_English Language and Literature.pdf,2-2-1_English Language and Literature.pdf,SORTED,Class 10/English (Language and Literature)/2025/Main Examination/Set 1/2025_Main_English_Language_and_Literature_QP2_2_1_Set1.pdf,2025_Main_English_Language_and_Literature_QP2_2_1_Set1.pdf,Classified and organized based on document content
184_English_Language_and_Literature/2-2-2_English Language and Literature.pdf,2-2-2_English Language and Literature.pdf,SORTED,Class 10/English (Language and Literature)/2025/Main Examination/Set 2/2025_Main_English_Language_and_Literature_QP2_2_2_Set2.pdf,2025_Main_English_Language_and_Literature_QP2_2_2_Set2.pdf,Classified and organized based on document content
184_English_Language_and_Literature/2-2-3_English Language and Literature.pdf,2-2-3_English Language and Literature.pdf,SORTED,Class 10/English (Language and Literature)/2025/Main Examination/Set 3/2025_Main_English_Language_and_Literature_QP2_2_3_Set3.pdf,2025_Main_English_Language_and_Literature_QP2_2_3_Set3.pdf,Classified and organized based on document content
184_English_Language_and_Literature/2-3-1_English Language and Literature.pdf,2-3-1_English Language and Literature.pdf,SORTED,Class 10/English (Language and Literature)/2025/Main Examination/Set 1/2025_Main_English_Language_and_Literature_QP2_3_1_Set1.pdf,2025_Main_English_Language_and_Literature_QP2_3_1_Set1.pdf,Classified and organized based on document content
184_English_Language_and_Literature/2-3-2_English Language and Literature.pdf,2-3-2_English Language and Literature.pdf,SORTED,Class 10/English (Language and Literature)/2025/Main Examination/Set 2/2025_Main_English_Language_and_Literature_QP2_3_2_Set2.pdf,2025_Main_English_Language_and_Literature_QP2_3_2_Set2.pdf,Classified and organized based on document content
184_English_Language_and_Literature/2-3-3_English Language and Literature.pdf,2-3-3_English Language and Literature.pdf,SORTED,Class 10/English (Language and Literature)/2025/Main Examination/Set 3/2025_Main_English_Language_and_Literature_QP2_3_3_Set3.pdf,2025_Main_English_Language_and_Literature_QP2_3_3_Set3.pdf,Classified and organized based on document content
184_English_Language_and_Literature/2-4-1_English Language and Literature.pdf,2-4-1_English Language and Literature.pdf,SORTED,Class 10/English (Language and Literature)/2025/Main Examination/Set 1/2025_Main_English_Language_and_Literature_QP2_4_1_Set1.pdf,2025_Main_English_Language_and_Literature_QP2_4_1_Set1.pdf,Classified and organized based on document content
184_English_Language_and_Literature/2-4-2_English Language and Literature.pdf,2-4-2_English Language and Literature.pdf,SORTED,Class 10/English (Language and Literature)/2025/Main Examination/Set 2/2025_Main_English_Language_and_Literature_QP2_4_2_Set2.pdf,2025_Main_English_Language_and_Literature_QP2_4_2_Set2.pdf,Classified and organized based on document content
184_English_Language_and_Literature/2-4-3_English Language and Literature.pdf,2-4-3_English Language and Literature.pdf,SORTED,Class 10/English (Language and Literature)/2025/Main Examination/Set 3/2025_Main_English_Language_and_Literature_QP2_4_3_Set3.pdf,2025_Main_English_Language_and_Literature_QP2_4_3_Set3.pdf,Classified and organized based on document content
184_English_Language_and_Literature/2-5-1_English Language and Literature.pdf,2-5-1_English Language and Literature.pdf,SORTED,Class 10/English (Language and Literature)/2025/Main Examination/Set 1/2025_Main_English_Language_and_Literature_QP2_5_1_Set1.pdf,2025_Main_English_Language_and_Literature_QP2_5_1_Set1.pdf,Classified and organized based on document content
184_English_Language_and_Literature/2-5-2_English Language and Literature.pdf,2-5-2_English Language and Literature.pdf,SORTED,Class 10/English (Language and Literature)/2025/Main Examination/Set 2/2025_Main_English_Language_and_Literature_QP2_5_2_Set2.pdf,2025_Main_English_Language_and_Literature_QP2_5_2_Set2.pdf,Classified and organized based on document content
184_English_Language_and_Literature/2-5-3_English Language and Literature.pdf,2-5-3_English Language and Literature.pdf,SORTED,Class 10/English (Language and Literature)/2025/Main Examination/Set 3/2025_Main_English_Language_and_Literature_QP2_5_3_Set3.pdf,2025_Main_English_Language_and_Literature_QP2_5_3_Set3.pdf,Classified and organized based on document content
184_English_Language_and_Literature/2-6-1_English Language and Literature.pdf,2-6-1_English Language and Literature.pdf,SORTED,Class 10/English (Language and Literature)/2025/Main Examination/Set 1/2025_Main_English_Language_and_Literature_QP2_6_1_Set1.pdf,2025_Main_English_Language_and_Literature_QP2_6_1_Set1.pdf,Classified and organized based on document content
184_English_Language_and_Literature/2-6-2_English Language and Literature.pdf,2-6-2_English Language and Literature.pdf,SORTED,Class 10/English (Language and Literature)/2025/Main Examination/Set 2/2025_Main_English_Language_and_Literature_QP2_6_2_Set2.pdf,2025_Main_English_Language_and_Literature_QP2_6_2_Set2.pdf,Classified and organized based on document content
184_English_Language_and_Literature/2-6-3_English Language and Literature.pdf,2-6-3_English Language and Literature.pdf,SORTED,Class 10/English (Language and Literature)/2025/Main Examination/Set 3/2025_Main_English_Language_and_Literature_QP2_6_3_Set3.pdf,2025_Main_English_Language_and_Literature_QP2_6_3_Set3.pdf,Classified and organized based on document content
1_English_Communicative.pdf,1_English_Communicative.pdf,SORTED,Class 10/English Communicative/2024/Main Examination/Set 4/2024_Main_English_Communicative_QP14_Set4.pdf,2024_Main_English_Communicative_QP14_Set4.pdf,Classified and organized based on document content
1_eng_communicative.pdf,1_eng_communicative.pdf,SORTED,Class 10/English Communicative/2025/Main Examination/Set 4/2025_Main_English_Communicative_QPSet_Set4.pdf,2025_Main_English_Communicative_QPSet_Set4.pdf,Classified and organized based on document content
28 -S - English Elective.pdf,28 -S - English Elective.pdf,SORTED,Class 12/English (Elective)/2024/Supplementary Examination/Set 4/2024_Supplementary_English_Elective_QP28_Set4.pdf,2024_Supplementary_English_Elective_QP28_Set4.pdf,Classified and organized based on document content
28_ENGLISH_Elective.pdf,28_ENGLISH_Elective.pdf,SORTED,Class 12/English (Elective)/2023/Main Examination/Set 4/2023_Main_English_Elective_QP28_Set4.pdf,2023_Main_English_Elective_QP28_Set4.pdf,Classified and organized based on document content
28_English Elective.pdf,28_English Elective.pdf,SORTED,Class 12/English (Elective)/2022/Main Examination/Set 4/2022_Main_English_Elective_QP28_Set4.pdf,2022_Main_English_Elective_QP28_Set4.pdf,Classified and organized based on document content
28_English_Elective 2.pdf,28_English_Elective 2.pdf,SORTED,Class 12/English (Elective)/2024/Main Examination/Set 4/2024_Main_English_Elective_QP28-1_Set4.pdf,2024_Main_English_Elective_QP28-1_Set4.pdf,Classified and organized based on document content
28_English_Elective copy.pdf,28_English_Elective copy.pdf,DELETED_DUPLICATE,Class 12/English (Elective)/2024/Main Examination/Set 4/2024_Main_English_Elective_QP28-1_Set4.pdf,2024_Main_English_Elective_QP28-1_Set4.pdf,Exact duplicate of 28_English_Elective 2.pdf
326 Information Technology.pdf,326 Information Technology.pdf,SORTED,Class 12/Information Technology/2022/Compartment Examination/Set 4/2022_Compartment_Information_Technology_QP326_Set4.pdf,2022_Compartment_Information_Technology_QP326_Set4.pdf,Classified and organized based on document content
326-S Information Technology-S.pdf,326-S Information Technology-S.pdf,SORTED,Class 10/Information Technology/2024/Supplementary Examination/Set 4/2024_Supplementary_Information_Technology_QP326_Set4.pdf,2024_Supplementary_Information_Technology_QP326_Set4.pdf,Classified and organized based on document content
326_INFORMATION_TECHNOLOGY.pdf,326_INFORMATION_TECHNOLOGY.pdf,SORTED,Class 12/Information Technology/2025/Main Examination/Set 4/2025_Main_Information_Technology_QP326_Set4.pdf,2025_Main_Information_Technology_QP326_Set4.pdf,Classified and organized based on document content
326_Information Technology.pdf,326_Information Technology.pdf,SORTED,Class 12/Information Technology/2022/Main Examination/Set 4/2022_Main_Information_Technology_QP326_Set4.pdf,2022_Main_Information_Technology_QP326_Set4.pdf,Classified and organized based on document content
326_Information_Technology 2.pdf,326_Information_Technology 2.pdf,SORTED,Class 12/Information Technology/2023/Main Examination/Set 4/2023_Main_Information_Technology_QPSet-4_Set4.pdf,2023_Main_Information_Technology_QPSet-4_Set4.pdf,Classified and organized based on document content
326_Information_Technology copy.pdf,326_Information_Technology copy.pdf,SORTED,Class 12/Information Technology/2024/Main Examination/Set 4/2024_Main_Information_Technology_QP11-326_Set4.pdf,2024_Main_Information_Technology_QP11-326_Set4.pdf,Classified and organized based on document content
327 Web Applications 2.pdf,327 Web Applications 2.pdf,SORTED,Class 12/Web Applications/2022/Main Examination/Set 4/2022_Main_Web_Applications_QP327_Set4.pdf,2022_Main_Web_Applications_QP327_Set4.pdf,Classified and organized based on document content
327 Web Applications.pdf,327 Web Applications.pdf,SORTED,Class 12/Web Applications/2022/Compartment Examination/Set 4/2022_Compartment_Web_Applications_QP327_Set4.pdf,2022_Compartment_Web_Applications_QP327_Set4.pdf,Classified and organized based on document content
327-S WEB APPLICATIONS .pdf,327-S WEB APPLICATIONS .pdf,SORTED,Class 12/Web Applications/2024/Supplementary Examination/Set 4/2024_Supplementary_Web_Applications_QP327_Set4.pdf,2024_Supplementary_Web_Applications_QP327_Set4.pdf,Classified and organized based on document content
327_WEB_APPLICATIONS .pdf,327_WEB_APPLICATIONS .pdf,SORTED,Class 12/Web Applications/2024/Main Examination/Set 4/2024_Main_Web_Applications_QP327-1_Set4.pdf,2024_Main_Web_Applications_QP327-1_Set4.pdf,Classified and organized based on document content
327_WEB_APPLICATIONS_final.pdf,327_WEB_APPLICATIONS_final.pdf,SORTED,Class 12/Web Applications/2025/Main Examination/Set 4/2025_Main_Web_Applications_QP327_Set4.pdf,2025_Main_Web_Applications_QP327_Set4.pdf,Classified and organized based on document content
327_Web_Applications.pdf,327_Web_Applications.pdf,SORTED,Class 12/Web Applications/2023/Main Examination/Set 4/2023_Main_Web_Applications_QP327_Set4.pdf,2023_Main_Web_Applications_QP327_Set4.pdf,Classified and organized based on document content
341-S Typography & Computer.pdf,341-S Typography & Computer.pdf,SORTED,Class 12/Typography and Computer Applications/2024/Supplementary Examination/Set 4/2024_Supplementary_Typography_and_Computer_Applications_QP341_Set4.pdf,2024_Supplementary_Typography_and_Computer_Applications_QP341_Set4.pdf,Classified and organized based on document content
341_Typography and Computer Applications (New).pdf,341_Typography and Computer Applications (New).pdf,SORTED,Class 12/Typography and Computer Applications/2022/Main Examination/Set 4/2022_Main_Typography_and_Computer_Applications_QP341_Set4.pdf,2022_Main_Typography_and_Computer_Applications_QP341_Set4.pdf,Classified and organized based on document content
341_Typography_Comp_Applications.pdf,341_Typography_Comp_Applications.pdf,SORTED,Class 12/Typography and Computer Applications/2024/Main Examination/Set 4/2024_Main_Typography_and_Computer_Applications_QP341_Set4.pdf,2024_Main_Typography_and_Computer_Applications_QP341_Set4.pdf,Classified and organized based on document content
341_Typography_Computer_Applications 2.pdf,341_Typography_Computer_Applications 2.pdf,SORTED,Class 12/Typography and Computer Applications/2023/Main Examination/Set 4/2023_Main_Typography_and_Computer_Applications_QP341_Set4.pdf,2023_Main_Typography_and_Computer_Applications_QP341_Set4.pdf,Classified and organized based on document content
341_Typography_Computer_Applications.pdf,341_Typography_Computer_Applications.pdf,SORTED,Class 12/Typography and Computer Applications/2025/Main Examination/Set 4/2025_Main_Typography_and_Computer_Applications_QP341_Set4.pdf,2025_Main_Typography_and_Computer_Applications_QP341_Set4.pdf,Classified and organized based on document content
343 Electrical Technology.pdf,343 Electrical Technology.pdf,SORTED,Class 12/Electrical Technology/2022/Compartment Examination/Set 4/2022_Compartment_Electrical_Technology_QP343_Set4.pdf,2022_Compartment_Electrical_Technology_QP343_Set4.pdf,Classified and organized based on document content
343-S Electical Technology.pdf,343-S Electical Technology.pdf,SORTED,Class 12/Electrical Technology/2024/Supplementary Examination/Set 4/2024_Supplementary_Electrical_Technology_QP343_Set4.pdf,2024_Supplementary_Electrical_Technology_QP343_Set4.pdf,Classified and organized based on document content
343_Electical_Technology.pdf,343_Electical_Technology.pdf,SORTED,Class 12/Electrical Technology/2024/Main Examination/Set 4/2024_Main_Electrical_Technology_QP11-343_Set4.pdf,2024_Main_Electrical_Technology_QP11-343_Set4.pdf,Classified and organized based on document content
343_Electrical Technology copy.pdf,343_Electrical Technology copy.pdf,DELETED_DUPLICATE,Class 12/Electrical Technology/2022/Main Examination/Set 4/2022_Main_Electrical_Technology_QP343_Set4.pdf,2022_Main_Electrical_Technology_QP343_Set4.pdf,Exact duplicate of 343_Electrical Technology.pdf
343_Electrical Technology.pdf,343_Electrical Technology.pdf,SORTED,Class 12/Electrical Technology/2022/Main Examination/Set 4/2022_Main_Electrical_Technology_QP343_Set4.pdf,2022_Main_Electrical_Technology_QP343_Set4.pdf,Classified and organized based on document content
343_Electrical_Technology 2.pdf,343_Electrical_Technology 2.pdf,SORTED,Class 12/Electrical Technology/2023/Main Examination/Set 4/2023_Main_Electrical_Technology_QP343_Set4.pdf,2023_Main_Electrical_Technology_QP343_Set4.pdf,Classified and organized based on document content
343_Electrical_Technology.pdf,343_Electrical_Technology.pdf,SORTED,Class 12/Electrical Technology/2025/Main Examination/Set 4/2025_Main_Electrical_Technology_QP343_Set4.pdf,2025_Main_Electrical_Technology_QP343_Set4.pdf,Classified and organized based on document content
344 Electronics Technology 2.pdf,344 Electronics Technology 2.pdf,DELETED_DUPLICATE,Class 12/Electronics Technology/2022/Main Examination/Set 4/2022_Main_Electronics_Technology_QP344_Set4.pdf,2022_Main_Electronics_Technology_QP344_Set4.pdf,Exact duplicate of 344 Electronics Technology.pdf
344 Electronics Technology copy.pdf,344 Electronics Technology copy.pdf,DELETED_DUPLICATE,Class 12/Electronics Technology/2022/Main Examination/Set 4/2022_Main_Electronics_Technology_QP344_Set4.pdf,2022_Main_Electronics_Technology_QP344_Set4.pdf,Exact duplicate of 344 Electronics Technology.pdf
344 Electronics Technology.pdf,344 Electronics Technology.pdf,SORTED,Class 12/Electronics Technology/2022/Main Examination/Set 4/2022_Main_Electronics_Technology_QP344_Set4.pdf,2022_Main_Electronics_Technology_QP344_Set4.pdf,Classified and organized based on document content
344-S Electrocics Technology.pdf,344-S Electrocics Technology.pdf,SORTED,Class 12/Electronics Technology/2024/Supplementary Examination/Set 4/2024_Supplementary_Electronics_Technology_QP344_Set4.pdf,2024_Supplementary_Electronics_Technology_QP344_Set4.pdf,Classified and organized based on document content
344_Electronics_Technology 2.pdf,344_Electronics_Technology 2.pdf,SORTED,Class 12/Electronics Technology/2023/Main Examination/Set 4/2023_Main_Electronics_Technology_QP344_Set4.pdf,2023_Main_Electronics_Technology_QP344_Set4.pdf,Classified and organized based on document content
344_Electronics_Technology copy.pdf,344_Electronics_Technology copy.pdf,SORTED,Class 12/Electronics Technology/2024/Main Examination/Set 4/2024_Main_Electronics_Technology_QP344_Set4.pdf,2024_Main_Electronics_Technology_QP344_Set4.pdf,Classified and organized based on document content
344_Electronics_Technology.pdf,344_Electronics_Technology.pdf,SORTED,Class 12/Electronics Technology/2025/Main Examination/Set 4/2025_Main_Electronics_Technology_QP344_Set4.pdf,2025_Main_Electronics_Technology_QP344_Set4.pdf,Classified and organized based on document content
349 Shorthand English.pdf,349 Shorthand English.pdf,SORTED,Class 12/Shorthand (English)/2022/Compartment Examination/Set 4/2022_Compartment_Shorthand_English_QP349_Set4.pdf,2022_Compartment_Shorthand_English_QP349_Set4.pdf,Classified and organized based on document content
349-S SHORTHAND (ENGLISH).pdf,349-S SHORTHAND (ENGLISH).pdf,SORTED,Class 12/Shorthand (English)/2024/Supplementary Examination/Set 4/2024_Supplementary_Shorthand_English_QP349_Set4.pdf,2024_Supplementary_Shorthand_English_QP349_Set4.pdf,Classified and organized based on document content
349_Shorthand_English.pdf,349_Shorthand_English.pdf,SORTED,Class 12/Shorthand (English)/2023/Main Examination/Set 4/2023_Main_Shorthand_English_QP349_Set4.pdf,2023_Main_Shorthand_English_QP349_Set4.pdf,Classified and organized based on document content
367 Artificial Intelligence.pdf,367 Artificial Intelligence.pdf,SORTED,Class 12/Artificial Intelligence/2022/Compartment Examination/Set 4/2022_Compartment_Artificial_Intelligence_QP367_Set4.pdf,2022_Compartment_Artificial_Intelligence_QP367_Set4.pdf,Classified and organized based on document content
367_ARTIFICIAL_INTELLIGENCE 2.pdf,367_ARTIFICIAL_INTELLIGENCE 2.pdf,SORTED,Class 12/Artificial Intelligence/2023/Main Examination/Set 4/2023_Main_Artificial_Intelligence_QPSet-4_Set4.pdf,2023_Main_Artificial_Intelligence_QPSet-4_Set4.pdf,Classified and organized based on document content
367_Artificial Intelligence 2.pdf,367_Artificial Intelligence 2.pdf,DELETED_DUPLICATE,Class 12/Artificial Intelligence/2022/Main Examination/Set 4/2022_Main_Artificial_Intelligence_QP367_Set4.pdf,2022_Main_Artificial_Intelligence_QP367_Set4.pdf,Exact duplicate of 367_Artificial Intelligence.pdf
367_Artificial Intelligence.pdf,367_Artificial Intelligence.pdf,SORTED,Class 12/Artificial Intelligence/2022/Main Examination/Set 4/2022_Main_Artificial_Intelligence_QP367_Set4.pdf,2022_Main_Artificial_Intelligence_QP367_Set4.pdf,Classified and organized based on document content
367_Artificial_Intelligence 3.pdf,367_Artificial_Intelligence 3.pdf,SORTED,Class 12/Artificial Intelligence/2024/Main Examination/Set 4/2024_Main_Artificial_Intelligence_QP367_Set4.pdf,2024_Main_Artificial_Intelligence_QP367_Set4.pdf,Classified and organized based on document content
367_Artificial_Intelligence.pdf,367_Artificial_Intelligence.pdf,SORTED,Class 12/Artificial Intelligence/2025/Main Examination/Set 4/2025_Main_Artificial_Intelligence_QP367_Set4.pdf,2025_Main_Artificial_Intelligence_QP367_Set4.pdf,Classified and organized based on document content
368-S Data science copy.pdf,368-S Data science copy.pdf,DELETED_DUPLICATE,Class 12/Data Science/2024/Supplementary Examination/Set 4/2024_Supplementary_Data_Science_QP368_Set4.pdf,2024_Supplementary_Data_Science_QP368_Set4.pdf,Exact duplicate of 368-S Data science.pdf
368-S Data science.pdf,368-S Data science.pdf,SORTED,Class 12/Data Science/2024/Supplementary Examination/Set 4/2024_Supplementary_Data_Science_QP368_Set4.pdf,2024_Supplementary_Data_Science_QP368_Set4.pdf,Classified and organized based on document content
368_DATA_SCIENCE 2.pdf,368_DATA_SCIENCE 2.pdf,SORTED,Class 12/Data Science/2023/Main Examination/Set 4/2023_Main_Data_Science_QP368_Set4.pdf,2023_Main_Data_Science_QP368_Set4.pdf,Classified and organized based on document content
368_Data _cience 2.pdf,368_Data _cience 2.pdf,DELETED_DUPLICATE,Class 12/Data Science/2024/Main Examination/Set 4/2024_Main_Data_Science_QP368_Set4.pdf,2024_Main_Data_Science_QP368_Set4.pdf,Exact duplicate of 368_Data _cience.pdf
368_Data _cience.pdf,368_Data _cience.pdf,SORTED,Class 12/Data Science/2024/Main Examination/Set 4/2024_Main_Data_Science_QP368_Set4.pdf,2024_Main_Data_Science_QP368_Set4.pdf,Classified and organized based on document content
368_Data_Science.pdf,368_Data_Science.pdf,SORTED,Class 12/Data Science/2025/Main Examination/Set 4/2025_Main_Data_Science_QP368_Set4.pdf,2025_Main_Data_Science_QP368_Set4.pdf,Classified and organized based on document content
371-S Electronics and Hardware.pdf,371-S Electronics and Hardware.pdf,SORTED,Class 12/Electronics and Hardware/2024/Supplementary Examination/Set 4/2024_Supplementary_Electronics_and_Hardware_QP371_Set4.pdf,2024_Supplementary_Electronics_and_Hardware_QP371_Set4.pdf,Classified and organized based on document content
371_Electronics_Hardware copy.pdf,371_Electronics_Hardware copy.pdf,SORTED,Class 12/Electronics and Hardware/2024/Main Examination/Set 4/2024_Main_Electronics_and_Hardware_QP371_Set4.pdf,2024_Main_Electronics_and_Hardware_QP371_Set4.pdf,Classified and organized based on document content
371_Electronics_Hardware.pdf,371_Electronics_Hardware.pdf,SORTED,Class 12/Electronics and Hardware/2025/Main Examination/Set 4/2025_Main_Electronics_and_Hardware_QP371_Set4.pdf,2025_Main_Electronics_and_Hardware_QP371_Set4.pdf,Classified and organized based on document content
53 Computer Applications 2.pdf,53 Computer Applications 2.pdf,DELETED_DUPLICATE,Class 10/Computer Applications/2022/Compartment Examination/Set 4/2022_Compartment_Computer_Applications_QP53_Set4.pdf,2022_Compartment_Computer_Applications_QP53_Set4.pdf,Exact duplicate of 53 Computer Applications.pdf
53 Computer Applications copy.pdf,53 Computer Applications copy.pdf,DELETED_DUPLICATE,Class 10/Computer Applications/2022/Compartment Examination/Set 4/2022_Compartment_Computer_Applications_QP53_Set4.pdf,2022_Compartment_Computer_Applications_QP53_Set4.pdf,Exact duplicate of 53 Computer Applications.pdf
53 Computer Applications.pdf,53 Computer Applications.pdf,SORTED,Class 10/Computer Applications/2022/Compartment Examination/Set 4/2022_Compartment_Computer_Applications_QP53_Set4.pdf,2022_Compartment_Computer_Applications_QP53_Set4.pdf,Classified and organized based on document content
53_Computer Applications.pdf,53_Computer Applications.pdf,SORTED,Class 10/Computer Applications/2022/Main Examination/Set 4/2022_Main_Computer_Applications_QP53_Set4.pdf,2022_Main_Computer_Applications_QP53_Set4.pdf,Classified and organized based on document content
53_Computer_Application.pdf,53_Computer_Application.pdf,SORTED,Class 10/Computer Applications/2025/Main Examination/Set 4/2025_Main_Computer_Applications_QP53_Set4.pdf,2025_Main_Computer_Applications_QP53_Set4.pdf,Classified and organized based on document content
53_Computer_Applications copy.pdf,53_Computer_Applications copy.pdf,SORTED,Class 10/Computer Applications/2024/Main Examination/Set 4/2024_Main_Computer_Applications_QP14-53_Set4.pdf,2024_Main_Computer_Applications_QP14-53_Set4.pdf,Classified and organized based on document content
53_Computer_Applications.pdf,53_Computer_Applications.pdf,SORTED,Class 10/Computer Applications/2023/Main Examination/Set 4/2023_Main_Computer_Applications_QP53_Set4.pdf,2023_Main_Computer_Applications_QP53_Set4.pdf,Classified and organized based on document content
89 Information Technology 2.pdf,89 Information Technology 2.pdf,SORTED,Class 10/Information Technology/2022/Compartment Examination/Set 4/2022_Compartment_Information_Technology_QP89_Set4.pdf,2022_Compartment_Information_Technology_QP89_Set4.pdf,Classified and organized based on document content
89 Information Technology 3.pdf,89 Information Technology 3.pdf,DELETED_DUPLICATE,Class 10/Information Technology/2022/Compartment Examination/Set 4/2022_Compartment_Information_Technology_QP89_Set4.pdf,2022_Compartment_Information_Technology_QP89_Set4.pdf,Exact duplicate of 89 Information Technology 2.pdf
89 Information Technology.pdf,89 Information Technology.pdf,SORTED,Class 10/Information Technology/2022/Main Examination/Set 4/2022_Main_Information_Technology_QPSET-4_Set4.pdf,2022_Main_Information_Technology_QPSET-4_Set4.pdf,Classified and organized based on document content
89_Information_Technology 2.pdf,89_Information_Technology 2.pdf,SORTED,Class 10/Artificial Intelligence/2023/Main Examination/Set 4/2023_Main_Artificial_Intelligence_QPBaPM7_Set4.pdf,2023_Main_Artificial_Intelligence_QPBaPM7_Set4.pdf,Classified and organized based on document content
89_Information_Technology copy.pdf,89_Information_Technology copy.pdf,SORTED,Class 10/Information Technology/2024/Main Examination/Set 4/2024_Main_Information_Technology_QP14-89_Set4.pdf,2024_Main_Information_Technology_QP14-89_Set4.pdf,Classified and organized based on document content
89_Information_Technology.pdf,89_Information_Technology.pdf,SORTED,Class 10/Information Technology/2025/Main Examination/Set 4/2025_Main_Information_Technology_QP89_Set4.pdf,2025_Main_Information_Technology_QP89_Set4.pdf,Classified and organized based on document content
91 computer science 2.pdf,91 computer science 2.pdf,DELETED_DUPLICATE,Class 12/Computer Science/2022/Compartment Examination/Set 4/2022_Compartment_Computer_Science_QP91_Set4.pdf,2022_Compartment_Computer_Science_QP91_Set4.pdf,Exact duplicate of 91 computer science.pdf
91 computer science.pdf,91 computer science.pdf,SORTED,Class 12/Computer Science/2022/Compartment Examination/Set 4/2022_Compartment_Computer_Science_QP91_Set4.pdf,2022_Compartment_Computer_Science_QP91_Set4.pdf,Classified and organized based on document content
91-S Computer Science 2.pdf,91-S Computer Science 2.pdf,DELETED_DUPLICATE,Class 12/Computer Science/2024/Supplementary Examination/Set 4/2024_Supplementary_Computer_Science_QP91_Set4.pdf,2024_Supplementary_Computer_Science_QP91_Set4.pdf,Exact duplicate of 91-S Computer Science.pdf
91-S Computer Science.pdf,91-S Computer Science.pdf,SORTED,Class 12/Computer Science/2024/Supplementary Examination/Set 4/2024_Supplementary_Computer_Science_QP91_Set4.pdf,2024_Supplementary_Computer_Science_QP91_Set4.pdf,Classified and organized based on document content
91_COMPUTER_SCIENCE.pdf,91_COMPUTER_SCIENCE.pdf,SORTED,Class 12/Computer Science/2025/Main Examination/Set 4/2025_Main_Computer_Science_QPSET_Set4.pdf,2025_Main_Computer_Science_QPSET_Set4.pdf,Classified and organized based on document content
91_Computer Science 2.pdf,91_Computer Science 2.pdf,DELETED_DUPLICATE,Class 12/Computer Science/2022/Main Examination/Set 4/2022_Main_Computer_Science_QP12_Set4.pdf,2022_Main_Computer_Science_QP12_Set4.pdf,Exact duplicate of 91_Computer Science.pdf
91_Computer Science 3.pdf,91_Computer Science 3.pdf,DELETED_DUPLICATE,Class 12/Computer Science/2022/Main Examination/Set 4/2022_Main_Computer_Science_QP12_Set4.pdf,2022_Main_Computer_Science_QP12_Set4.pdf,Exact duplicate of 91_Computer Science.pdf
91_Computer Science.pdf,91_Computer Science.pdf,SORTED,Class 12/Computer Science/2022/Main Examination/Set 4/2022_Main_Computer_Science_QP12_Set4.pdf,2022_Main_Computer_Science_QP12_Set4.pdf,Classified and organized based on document content
91_Computer_Science 2 copy.pdf,91_Computer_Science 2 copy.pdf,DELETED_DUPLICATE,Class 12/Computer Science/2024/Main Examination/Set 4/2024_Main_Computer_Science_QP91_Set4.pdf,2024_Main_Computer_Science_QP91_Set4.pdf,Exact duplicate of 91_Computer_Science 3.pdf
91_Computer_Science 2.pdf,91_Computer_Science 2.pdf,SORTED,Class 12/Computer Science/2023/Main Examination/Set 4/2023_Main_Computer_Science_QP91_Set4.pdf,2023_Main_Computer_Science_QP91_Set4.pdf,Classified and organized based on document content
91_Computer_Science 3.pdf,91_Computer_Science 3.pdf,SORTED,Class 12/Computer Science/2024/Main Examination/Set 4/2024_Main_Computer_Science_QP91_Set4.pdf,2024_Main_Computer_Science_QP91_Set4.pdf,Classified and organized based on document content
91_Computer_Science copy.pdf,91_Computer_Science copy.pdf,DELETED_DUPLICATE,Class 12/Computer Science/2024/Main Examination/Set 4/2024_Main_Computer_Science_QP91_Set4.pdf,2024_Main_Computer_Science_QP91_Set4.pdf,Exact duplicate of 91_Computer_Science 3.pdf
ARTIFICIAL_INTELLIGENCE 2.pdf,ARTIFICIAL_INTELLIGENCE 2.pdf,SORTED,Class 12/Artificial Intelligence/2023/Compartment Examination/Set 4/2023_Compartment_Artificial_Intelligence_QP367_Set4.pdf,2023_Compartment_Artificial_Intelligence_QP367_Set4.pdf,Classified and organized based on document content
Artificial_Intelleigence.pdf,Artificial_Intelleigence.pdf,SORTED,Class 10/Artificial Intelligence/2026/Main Examination/Set 4/2026_Main_Artificial_Intelligence_QP104_Set4.pdf,2026_Main_Artificial_Intelligence_QP104_Set4.pdf,Classified and organized based on document content
Artificial_Intelligence 3.pdf,Artificial_Intelligence 3.pdf,DELETED_DUPLICATE,Class 10/Artificial Intelligence/2025/Supplementary Examination/Set 4/2025_Supplementary_Artificial_Intelligence_QP104_Set4.pdf,2025_Supplementary_Artificial_Intelligence_QP104_Set4.pdf,Exact duplicate of Artificial_Intelligence.pdf
Artificial_Intelligence 4.pdf,Artificial_Intelligence 4.pdf,SORTED,Class 12/Artificial Intelligence/2025/Supplementary Examination/Set 4/2025_Supplementary_Artificial_Intelligence_QP367_Set4.pdf,2025_Supplementary_Artificial_Intelligence_QP367_Set4.pdf,Classified and organized based on document content
Artificial_Intelligence 5.pdf,Artificial_Intelligence 5.pdf,SORTED,Class 12/Artificial Intelligence/2026/Main Examination/Set 4/2026_Main_Artificial_Intelligence_QP367_Set4.pdf,2026_Main_Artificial_Intelligence_QP367_Set4.pdf,Classified and organized based on document content
Artificial_Intelligence 6.pdf,Artificial_Intelligence 6.pdf,SORTED,Class 12/Artificial Intelligence/2026/Supplementary Examination/Set 4/2026_Supplementary_Artificial_Intelligence_QP367_Set4.pdf,2026_Supplementary_Artificial_Intelligence_QP367_Set4.pdf,Classified and organized based on document content
Artificial_Intelligence.pdf,Artificial_Intelligence.pdf,SORTED,Class 10/Artificial Intelligence/2025/Supplementary Examination/Set 4/2025_Supplementary_Artificial_Intelligence_QP104_Set4.pdf,2025_Supplementary_Artificial_Intelligence_QP104_Set4.pdf,Classified and organized based on document content
Computer_Application 2.pdf,Computer_Application 2.pdf,SORTED,Class 10/Computer Applications/2025/Supplementary Examination/Set 4/2025_Supplementary_Computer_Applications_QP53_Set4.pdf,2025_Supplementary_Computer_Applications_QP53_Set4.pdf,Classified and organized based on document content
Computer_Application.pdf,Computer_Application.pdf,SORTED,Class 10/Computer Applications/2026/Main Examination/Set 4/2026_Main_Computer_Applications_QP53_Set4.pdf,2026_Main_Computer_Applications_QP53_Set4.pdf,Classified and organized based on document content
Computer_Science 2.pdf,Computer_Science 2.pdf,DELETED_DUPLICATE,Class 12/Computer Science/2023/Compartment Examination/Set 4/2023_Compartment_Computer_Science_QP91_Set4.pdf,2023_Compartment_Computer_Science_QP91_Set4.pdf,Exact duplicate of Computer_Science.pdf
Computer_Science 3.pdf,Computer_Science 3.pdf,DELETED_DUPLICATE,Class 12/Computer Science/2023/Compartment Examination/Set 4/2023_Compartment_Computer_Science_QP91_Set4.pdf,2023_Compartment_Computer_Science_QP91_Set4.pdf,Exact duplicate of Computer_Science.pdf
Computer_Science 4.pdf,Computer_Science 4.pdf,SORTED,Class 12/Computer Science/2025/Supplementary Examination/Set 4/2025_Supplementary_Computer_Science_QP91_Set4.pdf,2025_Supplementary_Computer_Science_QP91_Set4.pdf,Classified and organized based on document content
Computer_Science 5.pdf,Computer_Science 5.pdf,SORTED,Class 12/Computer Science/2026/Main Examination/Set 4/2026_Main_Computer_Science_QP91_Set4.pdf,2026_Main_Computer_Science_QP91_Set4.pdf,Classified and organized based on document content
Computer_Science 6.pdf,Computer_Science 6.pdf,DELETED_DUPLICATE,Class 12/Computer Science/2025/Supplementary Examination/Set 4/2025_Supplementary_Computer_Science_QP91_Set4.pdf,2025_Supplementary_Computer_Science_QP91_Set4.pdf,Exact duplicate of Computer_Science 4.pdf
Computer_Science 7.pdf,Computer_Science 7.pdf,SORTED,Class 12/Computer Science/2026/Supplementary Examination/Set 4/2026_Supplementary_Computer_Science_QP91_Set4.pdf,2026_Supplementary_Computer_Science_QP91_Set4.pdf,Classified and organized based on document content
Computer_Science 8.pdf,Computer_Science 8.pdf,DELETED_DUPLICATE,Class 12/Computer Science/2026/Main Examination/Set 4/2026_Main_Computer_Science_QP91_Set4.pdf,2026_Main_Computer_Science_QP91_Set4.pdf,Exact duplicate of Computer_Science 5.pdf
Computer_Science 9.pdf,Computer_Science 9.pdf,DELETED_DUPLICATE,Class 12/Computer Science/2026/Main Examination/Set 4/2026_Main_Computer_Science_QP91_Set4.pdf,2026_Main_Computer_Science_QP91_Set4.pdf,Exact duplicate of Computer_Science 5.pdf
Computer_Science.pdf,Computer_Science.pdf,SORTED,Class 12/Computer Science/2023/Compartment Examination/Set 4/2023_Compartment_Computer_Science_QP91_Set4.pdf,2023_Compartment_Computer_Science_QP91_Set4.pdf,Classified and organized based on document content
Computer_applications.pdf,Computer_applications.pdf,SORTED,Class 10/Computer Applications/2023/Compartment Examination/Set 4/2023_Compartment_Computer_Applications_QP53_Set4.pdf,2023_Compartment_Computer_Applications_QP53_Set4.pdf,Classified and organized based on document content
Data_Science 2.pdf,Data_Science 2.pdf,SORTED,Class 12/Data Science/2026/Main Examination/Set 4/2026_Main_Data_Science_QP368_Set4.pdf,2026_Main_Data_Science_QP368_Set4.pdf,Classified and organized based on document content
Data_Science 3.pdf,Data_Science 3.pdf,SORTED,Class 12/Data Science/2026/Supplementary Examination/Set 4/2026_Supplementary_Data_Science_QP368_Set4.pdf,2026_Supplementary_Data_Science_QP368_Set4.pdf,Classified and organized based on document content
Data_Science.pdf,Data_Science.pdf,SORTED,Class 10/Data Science/2026/Main Examination/Set 4/2026_Main_Data_Science_QP106_Set4.pdf,2026_Main_Data_Science_QP106_Set4.pdf,Classified and organized based on document content
ELECTRICAL_TECHNOLOGY.pdf,ELECTRICAL_TECHNOLOGY.pdf,SORTED,Class 12/Electrical Technology/2023/Compartment Examination/Set 4/2023_Compartment_Electrical_Technology_QP343_Set4.pdf,2023_Compartment_Electrical_Technology_QP343_Set4.pdf,Classified and organized based on document content
ELECTRONICS_TECHNOLOGY 2.pdf,ELECTRONICS_TECHNOLOGY 2.pdf,DELETED_DUPLICATE,Class 12/Electronics Technology/2023/Compartment Examination/Set 4/2023_Compartment_Electronics_Technology_QP344_Set4.pdf,2023_Compartment_Electronics_Technology_QP344_Set4.pdf,Exact duplicate of ELECTRONICS_TECHNOLOGY.pdf
ELECTRONICS_TECHNOLOGY.pdf,ELECTRONICS_TECHNOLOGY.pdf,SORTED,Class 12/Electronics Technology/2023/Compartment Examination/Set 4/2023_Compartment_Electronics_Technology_QP344_Set4.pdf,2023_Compartment_Electronics_Technology_QP344_Set4.pdf,Classified and organized based on document content
ENGLISH_CORE 3/1_1_1_English Core.pdf,1_1_1_English Core.pdf,SORTED,Class 12/English (Core)/2024/Main Examination/Set 1/2024_Main_English_Core_QP1_1_1-1_Set1.pdf,2024_Main_English_Core_QP1_1_1-1_Set1.pdf,Classified and organized based on document content
ENGLISH_CORE 3/1_1_2_English Core.pdf,1_1_2_English Core.pdf,SORTED,Class 12/English (Core)/2024/Main Examination/Set 2/2024_Main_English_Core_QP1_1_2-1_Set2.pdf,2024_Main_English_Core_QP1_1_2-1_Set2.pdf,Classified and organized based on document content
ENGLISH_CORE 3/1_1_3_English Core.pdf,1_1_3_English Core.pdf,SORTED,Class 12/English (Core)/2024/Main Examination/Set 3/2024_Main_English_Core_QP1_1_3-1_Set3.pdf,2024_Main_English_Core_QP1_1_3-1_Set3.pdf,Classified and organized based on document content
ENGLISH_CORE 3/1_2_1_English Core.pdf,1_2_1_English Core.pdf,SORTED,Class 12/English (Core)/2024/Main Examination/Set 1/2024_Main_English_Core_QP1_2_1-2_Set1.pdf,2024_Main_English_Core_QP1_2_1-2_Set1.pdf,Classified and organized based on document content
ENGLISH_CORE 3/1_2_2_English Core.pdf,1_2_2_English Core.pdf,SORTED,Class 12/English (Core)/2024/Main Examination/Set 2/2024_Main_English_Core_QP1_2_2-2_Set2.pdf,2024_Main_English_Core_QP1_2_2-2_Set2.pdf,Classified and organized based on document content
ENGLISH_CORE 3/1_2_3_English Core.pdf,1_2_3_English Core.pdf,SORTED,Class 12/English (Core)/2024/Main Examination/Set 3/2024_Main_English_Core_QP1_2_3-2_Set3.pdf,2024_Main_English_Core_QP1_2_3-2_Set3.pdf,Classified and organized based on document content
ENGLISH_CORE 3/1_3_1_English Core.pdf,1_3_1_English Core.pdf,SORTED,Class 12/English (Core)/2024/Main Examination/Set 1/2024_Main_English_Core_QP1_3_1-3_Set1.pdf,2024_Main_English_Core_QP1_3_1-3_Set1.pdf,Classified and organized based on document content
ENGLISH_CORE 3/1_3_2_English Core.pdf,1_3_2_English Core.pdf,SORTED,Class 12/English (Core)/2024/Main Examination/Set 2/2024_Main_English_Core_QP1_3_2-3_Set2.pdf,2024_Main_English_Core_QP1_3_2-3_Set2.pdf,Classified and organized based on document content
ENGLISH_CORE 3/1_3_3_English Core.pdf,1_3_3_English Core.pdf,SORTED,Class 12/English (Core)/2024/Main Examination/Set 3/2024_Main_English_Core_QP1_3_3-3_Set3.pdf,2024_Main_English_Core_QP1_3_3-3_Set3.pdf,Classified and organized based on document content
ENGLISH_CORE 3/1_4_1_English Core.pdf,1_4_1_English Core.pdf,SORTED,Class 12/English (Core)/2024/Main Examination/Set 1/2024_Main_English_Core_QP1_4_1_Set1.pdf,2024_Main_English_Core_QP1_4_1_Set1.pdf,Classified and organized based on document content
ENGLISH_CORE 3/1_4_2_English Core.pdf,1_4_2_English Core.pdf,SORTED,Class 12/English (Core)/2024/Main Examination/Set 2/2024_Main_English_Core_QP1_4_2_Set2.pdf,2024_Main_English_Core_QP1_4_2_Set2.pdf,Classified and organized based on document content
ENGLISH_CORE 3/1_4_3_English Core.pdf,1_4_3_English Core.pdf,SORTED,Class 12/English (Core)/2024/Main Examination/Set 3/2024_Main_English_Core_QP1_4_3_Set3.pdf,2024_Main_English_Core_QP1_4_3_Set3.pdf,Classified and organized based on document content
ENGLISH_CORE 3/1_5_1_English Core.pdf,1_5_1_English Core.pdf,SORTED,Class 12/English (Core)/2024/Main Examination/Set 1/2024_Main_English_Core_QP1_5_1_Set1.pdf,2024_Main_English_Core_QP1_5_1_Set1.pdf,Classified and organized based on document content
ENGLISH_CORE 3/1_5_2_English Core.pdf,1_5_2_English Core.pdf,SORTED,Class 12/English (Core)/2024/Main Examination/Set 2/2024_Main_English_Core_QP1_5_2_Set2.pdf,2024_Main_English_Core_QP1_5_2_Set2.pdf,Classified and organized based on document content
ENGLISH_CORE 3/1_5_3_English Core.pdf,1_5_3_English Core.pdf,SORTED,Class 12/English (Core)/2024/Main Examination/Set 3/2024_Main_English_Core_QP1_5_3_Set3.pdf,2024_Main_English_Core_QP1_5_3_Set3.pdf,Classified and organized based on document content
ENGLISH_CORE 4/1-1-1_English Core.pdf,1-1-1_English Core.pdf,SORTED,Class 12/English (Core)/2025/Main Examination/Set 1/2025_Main_English_Core_QP1_1_1_Set1.pdf,2025_Main_English_Core_QP1_1_1_Set1.pdf,Classified and organized based on document content
ENGLISH_CORE 4/1-1-2_English Core.pdf,1-1-2_English Core.pdf,SORTED,Class 12/English (Core)/2025/Main Examination/Set 2/2025_Main_English_Core_QP1_1_2_Set2.pdf,2025_Main_English_Core_QP1_1_2_Set2.pdf,Classified and organized based on document content
ENGLISH_CORE 4/1-1-3_English Core.pdf,1-1-3_English Core.pdf,SORTED,Class 12/English (Core)/2025/Main Examination/Set 3/2025_Main_English_Core_QP1_1_3_Set3.pdf,2025_Main_English_Core_QP1_1_3_Set3.pdf,Classified and organized based on document content
ENGLISH_CORE 4/1-2-1_English Core.pdf,1-2-1_English Core.pdf,SORTED,Class 12/English (Core)/2025/Main Examination/Set 1/2025_Main_English_Core_QP1_2_1_Set1.pdf,2025_Main_English_Core_QP1_2_1_Set1.pdf,Classified and organized based on document content
ENGLISH_CORE 4/1-2-2_English Core.pdf,1-2-2_English Core.pdf,SORTED,Class 12/English (Core)/2025/Main Examination/Set 2/2025_Main_English_Core_QP1_2_2_Set2.pdf,2025_Main_English_Core_QP1_2_2_Set2.pdf,Classified and organized based on document content
ENGLISH_CORE 4/1-2-3_English Core.pdf,1-2-3_English Core.pdf,SORTED,Class 12/English (Core)/2025/Main Examination/Set 3/2025_Main_English_Core_QP1_2_3_Set3.pdf,2025_Main_English_Core_QP1_2_3_Set3.pdf,Classified and organized based on document content
ENGLISH_CORE 4/1-4-1_English Core.pdf,1-4-1_English Core.pdf,SORTED,Class 12/English (Core)/2025/Main Examination/Set 1/2025_Main_English_Core_QP1_4_1_Set1.pdf,2025_Main_English_Core_QP1_4_1_Set1.pdf,Classified and organized based on document content
ENGLISH_CORE 4/1-4-2_English Core.pdf,1-4-2_English Core.pdf,SORTED,Class 12/English (Core)/2025/Main Examination/Set 2/2025_Main_English_Core_QP1_4_2_Set2.pdf,2025_Main_English_Core_QP1_4_2_Set2.pdf,Classified and organized based on document content
ENGLISH_CORE 4/1-4-3_English Core.pdf,1-4-3_English Core.pdf,SORTED,Class 12/English (Core)/2025/Main Examination/Set 3/2025_Main_English_Core_QP1_4_3_Set3.pdf,2025_Main_English_Core_QP1_4_3_Set3.pdf,Classified and organized based on document content
ENGLISH_CORE 4/1-5-1_English Core.pdf,1-5-1_English Core.pdf,SORTED,Class 12/English (Core)/2025/Main Examination/Set 1/2025_Main_English_Core_QP1_5_1_Set1.pdf,2025_Main_English_Core_QP1_5_1_Set1.pdf,Classified and organized based on document content
ENGLISH_CORE 4/1-5-2_English Core.pdf,1-5-2_English Core.pdf,SORTED,Class 12/English (Core)/2025/Main Examination/Set 2/2025_Main_English_Core_QP1_5_2_Set2.pdf,2025_Main_English_Core_QP1_5_2_Set2.pdf,Classified and organized based on document content
ENGLISH_CORE 4/1-5-3_English Core.pdf,1-5-3_English Core.pdf,SORTED,Class 12/English (Core)/2025/Main Examination/Set 3/2025_Main_English_Core_QP1_5_3_Set3.pdf,2025_Main_English_Core_QP1_5_3_Set3.pdf,Classified and organized based on document content
ENGLISH_CORE 4/1-6-1_English Core.pdf,1-6-1_English Core.pdf,SORTED,Class 12/English (Core)/2025/Main Examination/Set 1/2025_Main_English_Core_QP1_6_1_Set1.pdf,2025_Main_English_Core_QP1_6_1_Set1.pdf,Classified and organized based on document content
ENGLISH_CORE 4/1-6-2_English Core.pdf,1-6-2_English Core.pdf,SORTED,Class 12/English (Core)/2025/Main Examination/Set 2/2025_Main_English_Core_QP1_6_2_Set2.pdf,2025_Main_English_Core_QP1_6_2_Set2.pdf,Classified and organized based on document content
ENGLISH_CORE 4/1-6-3_English Core.pdf,1-6-3_English Core.pdf,SORTED,Class 12/English (Core)/2025/Main Examination/Set 3/2025_Main_English_Core_QP1_6_3_Set3.pdf,2025_Main_English_Core_QP1_6_3_Set3.pdf,Classified and organized based on document content
ENGLISH_CORE 4/1-7-1_English Core.pdf,1-7-1_English Core.pdf,SORTED,Class 12/English (Core)/2025/Main Examination/Set 1/2025_Main_English_Core_QP1_7_1_Set1.pdf,2025_Main_English_Core_QP1_7_1_Set1.pdf,Classified and organized based on document content
ENGLISH_CORE 4/1-7-2_English Core.pdf,1-7-2_English Core.pdf,SORTED,Class 12/English (Core)/2025/Main Examination/Set 2/2025_Main_English_Core_QP1_7_2_Set2.pdf,2025_Main_English_Core_QP1_7_2_Set2.pdf,Classified and organized based on document content
ENGLISH_CORE 4/1-7-3_English Core.pdf,1-7-3_English Core.pdf,SORTED,Class 12/English (Core)/2025/Main Examination/Set 3/2025_Main_English_Core_QP1_7_3_Set3.pdf,2025_Main_English_Core_QP1_7_3_Set3.pdf,Classified and organized based on document content
ENGLISH_CORE 6/1-3-1_Eng_lish Core.pdf,1-3-1_Eng_lish Core.pdf,DELETED_DUPLICATE,Class 12/English (Core)/2026/Main Examination/Set 1/2026_Main_English_Core_QP1_3_1_Set1.pdf,2026_Main_English_Core_QP1_3_1_Set1.pdf,Exact duplicate of ENGLISH_CORE 7/1-3-1_Eng_lish Core.pdf
ENGLISH_CORE 6/1-3-2_Eng_lish Core.pdf,1-3-2_Eng_lish Core.pdf,DELETED_DUPLICATE,Class 12/English (Core)/2026/Main Examination/Set 2/2026_Main_English_Core_QP1_3_2_Set2.pdf,2026_Main_English_Core_QP1_3_2_Set2.pdf,Exact duplicate of ENGLISH_CORE 7/1-3-2_Eng_lish Core.pdf
ENGLISH_CORE 6/1-3-3_Eng_lish Core.pdf,1-3-3_Eng_lish Core.pdf,DELETED_DUPLICATE,Class 12/English (Core)/2026/Main Examination/Set 3/2026_Main_English_Core_QP1_3_3_Set3.pdf,2026_Main_English_Core_QP1_3_3_Set3.pdf,Exact duplicate of ENGLISH_CORE 7/1-3-3_Eng_lish Core.pdf
ENGLISH_CORE 6/1-4-1_Eng_lish Core.pdf,1-4-1_Eng_lish Core.pdf,DELETED_DUPLICATE,Class 12/English (Core)/2026/Main Examination/Set 1/2026_Main_English_Core_QP1_4_1_Set1.pdf,2026_Main_English_Core_QP1_4_1_Set1.pdf,Exact duplicate of ENGLISH_CORE 7/1-4-1_Eng_lish Core.pdf
ENGLISH_CORE 6/1-4-2_Eng_lish Core.pdf,1-4-2_Eng_lish Core.pdf,DELETED_DUPLICATE,Class 12/English (Core)/2026/Main Examination/Set 2/2026_Main_English_Core_QP1_4_2_Set2.pdf,2026_Main_English_Core_QP1_4_2_Set2.pdf,Exact duplicate of ENGLISH_CORE 7/1-4-2_Eng_lish Core.pdf
ENGLISH_CORE 6/1-4-3_Eng_lish Core.pdf,1-4-3_Eng_lish Core.pdf,DELETED_DUPLICATE,Class 12/English (Core)/2026/Main Examination/Set 3/2026_Main_English_Core_QP1_4_3_Set3.pdf,2026_Main_English_Core_QP1_4_3_Set3.pdf,Exact duplicate of ENGLISH_CORE 7/1-4-3_Eng_lish Core.pdf
ENGLISH_CORE 6/1-5-1_Eng_lish Core.pdf,1-5-1_Eng_lish Core.pdf,DELETED_DUPLICATE,Class 12/English (Core)/2026/Main Examination/Set 1/2026_Main_English_Core_QP1_5_1_Set1.pdf,2026_Main_English_Core_QP1_5_1_Set1.pdf,Exact duplicate of ENGLISH_CORE 7/1-5-1_Eng_lish Core.pdf
ENGLISH_CORE 6/1-5-2_Eng_lish Core.pdf,1-5-2_Eng_lish Core.pdf,DELETED_DUPLICATE,Class 12/English (Core)/2026/Main Examination/Set 2/2026_Main_English_Core_QP1_5_2_Set2.pdf,2026_Main_English_Core_QP1_5_2_Set2.pdf,Exact duplicate of ENGLISH_CORE 7/1-5-2_Eng_lish Core.pdf
ENGLISH_CORE 6/1-5-3_Eng_lish Core.pdf,1-5-3_Eng_lish Core.pdf,DELETED_DUPLICATE,Class 12/English (Core)/2026/Main Examination/Set 3/2026_Main_English_Core_QP1_5_3_Set3.pdf,2026_Main_English_Core_QP1_5_3_Set3.pdf,Exact duplicate of ENGLISH_CORE 7/1-5-3_Eng_lish Core.pdf
ENGLISH_CORE 6/2301-1_1-1-1_English (Core).pdf,2301-1_1-1-1_English (Core).pdf,DELETED_DUPLICATE,Class 12/English (Core)/2026/Main Examination/Set 1/2026_Main_English_Core_QP1_1_1_Set1.pdf,2026_Main_English_Core_QP1_1_1_Set1.pdf,Exact duplicate of ENGLISH_CORE 7/2301-1_1-1-1_English (Core).pdf
ENGLISH_CORE 6/2301-2_1-1-2_English (Core).pdf,2301-2_1-1-2_English (Core).pdf,DELETED_DUPLICATE,Class 12/English (Core)/2026/Main Examination/Set 2/2026_Main_English_Core_QP1_1_2_Set2.pdf,2026_Main_English_Core_QP1_1_2_Set2.pdf,Exact duplicate of ENGLISH_CORE 7/2301-2_1-1-2_English (Core).pdf
ENGLISH_CORE 6/2301-3_1-1-3_English (Core).pdf,2301-3_1-1-3_English (Core).pdf,DELETED_DUPLICATE,Class 12/English (Core)/2026/Main Examination/Set 3/2026_Main_English_Core_QP1_1_3_Set3.pdf,2026_Main_English_Core_QP1_1_3_Set3.pdf,Exact duplicate of ENGLISH_CORE 7/2301-3_1-1-3_English (Core).pdf
ENGLISH_CORE 6/2302-1_1-2-1_English (Core).pdf,2302-1_1-2-1_English (Core).pdf,DELETED_DUPLICATE,Class 12/English (Core)/2026/Main Examination/Set 1/2026_Main_English_Core_QP1_2_1_Set1.pdf,2026_Main_English_Core_QP1_2_1_Set1.pdf,Exact duplicate of ENGLISH_CORE 7/2302-1_1-2-1_English (Core).pdf
ENGLISH_CORE 6/2302-2_1-2-2_English (Core).pdf,2302-2_1-2-2_English (Core).pdf,DELETED_DUPLICATE,Class 12/English (Core)/2026/Main Examination/Set 2/2026_Main_English_Core_QP1_2_2_Set2.pdf,2026_Main_English_Core_QP1_2_2_Set2.pdf,Exact duplicate of ENGLISH_CORE 7/2302-2_1-2-2_English (Core).pdf
ENGLISH_CORE 6/2302-3_1-2-3_English (Core).pdf,2302-3_1-2-3_English (Core).pdf,DELETED_DUPLICATE,Class 12/English (Core)/2026/Main Examination/Set 3/2026_Main_English_Core_QP1_2_3_Set3.pdf,2026_Main_English_Core_QP1_2_3_Set3.pdf,Exact duplicate of ENGLISH_CORE 7/2302-3_1-2-3_English (Core).pdf
ENGLISH_CORE 7/1-3-1_Eng_lish Core.pdf,1-3-1_Eng_lish Core.pdf,SORTED,Class 12/English (Core)/2026/Main Examination/Set 1/2026_Main_English_Core_QP1_3_1_Set1.pdf,2026_Main_English_Core_QP1_3_1_Set1.pdf,Classified and organized based on document content
ENGLISH_CORE 7/1-3-2_Eng_lish Core.pdf,1-3-2_Eng_lish Core.pdf,SORTED,Class 12/English (Core)/2026/Main Examination/Set 2/2026_Main_English_Core_QP1_3_2_Set2.pdf,2026_Main_English_Core_QP1_3_2_Set2.pdf,Classified and organized based on document content
ENGLISH_CORE 7/1-3-3_Eng_lish Core.pdf,1-3-3_Eng_lish Core.pdf,SORTED,Class 12/English (Core)/2026/Main Examination/Set 3/2026_Main_English_Core_QP1_3_3_Set3.pdf,2026_Main_English_Core_QP1_3_3_Set3.pdf,Classified and organized based on document content
ENGLISH_CORE 7/1-4-1_Eng_lish Core.pdf,1-4-1_Eng_lish Core.pdf,SORTED,Class 12/English (Core)/2026/Main Examination/Set 1/2026_Main_English_Core_QP1_4_1_Set1.pdf,2026_Main_English_Core_QP1_4_1_Set1.pdf,Classified and organized based on document content
ENGLISH_CORE 7/1-4-2_Eng_lish Core.pdf,1-4-2_Eng_lish Core.pdf,SORTED,Class 12/English (Core)/2026/Main Examination/Set 2/2026_Main_English_Core_QP1_4_2_Set2.pdf,2026_Main_English_Core_QP1_4_2_Set2.pdf,Classified and organized based on document content
ENGLISH_CORE 7/1-4-3_Eng_lish Core.pdf,1-4-3_Eng_lish Core.pdf,SORTED,Class 12/English (Core)/2026/Main Examination/Set 3/2026_Main_English_Core_QP1_4_3_Set3.pdf,2026_Main_English_Core_QP1_4_3_Set3.pdf,Classified and organized based on document content
ENGLISH_CORE 7/1-5-1_Eng_lish Core.pdf,1-5-1_Eng_lish Core.pdf,SORTED,Class 12/English (Core)/2026/Main Examination/Set 1/2026_Main_English_Core_QP1_5_1_Set1.pdf,2026_Main_English_Core_QP1_5_1_Set1.pdf,Classified and organized based on document content
ENGLISH_CORE 7/1-5-2_Eng_lish Core.pdf,1-5-2_Eng_lish Core.pdf,SORTED,Class 12/English (Core)/2026/Main Examination/Set 2/2026_Main_English_Core_QP1_5_2_Set2.pdf,2026_Main_English_Core_QP1_5_2_Set2.pdf,Classified and organized based on document content
ENGLISH_CORE 7/1-5-3_Eng_lish Core.pdf,1-5-3_Eng_lish Core.pdf,SORTED,Class 12/English (Core)/2026/Main Examination/Set 3/2026_Main_English_Core_QP1_5_3_Set3.pdf,2026_Main_English_Core_QP1_5_3_Set3.pdf,Classified and organized based on document content
ENGLISH_CORE 7/2301-1_1-1-1_English (Core).pdf,2301-1_1-1-1_English (Core).pdf,SORTED,Class 12/English (Core)/2026/Main Examination/Set 1/2026_Main_English_Core_QP1_1_1_Set1.pdf,2026_Main_English_Core_QP1_1_1_Set1.pdf,Classified and organized based on document content
ENGLISH_CORE 7/2301-2_1-1-2_English (Core).pdf,2301-2_1-1-2_English (Core).pdf,SORTED,Class 12/English (Core)/2026/Main Examination/Set 2/2026_Main_English_Core_QP1_1_2_Set2.pdf,2026_Main_English_Core_QP1_1_2_Set2.pdf,Classified and organized based on document content
ENGLISH_CORE 7/2301-3_1-1-3_English (Core).pdf,2301-3_1-1-3_English (Core).pdf,SORTED,Class 12/English (Core)/2026/Main Examination/Set 3/2026_Main_English_Core_QP1_1_3_Set3.pdf,2026_Main_English_Core_QP1_1_3_Set3.pdf,Classified and organized based on document content
ENGLISH_CORE 7/2302-1_1-2-1_English (Core).pdf,2302-1_1-2-1_English (Core).pdf,SORTED,Class 12/English (Core)/2026/Main Examination/Set 1/2026_Main_English_Core_QP1_2_1_Set1.pdf,2026_Main_English_Core_QP1_2_1_Set1.pdf,Classified and organized based on document content
ENGLISH_CORE 7/2302-2_1-2-2_English (Core).pdf,2302-2_1-2-2_English (Core).pdf,SORTED,Class 12/English (Core)/2026/Main Examination/Set 2/2026_Main_English_Core_QP1_2_2_Set2.pdf,2026_Main_English_Core_QP1_2_2_Set2.pdf,Classified and organized based on document content
ENGLISH_CORE 7/2302-3_1-2-3_English (Core).pdf,2302-3_1-2-3_English (Core).pdf,SORTED,Class 12/English (Core)/2026/Main Examination/Set 3/2026_Main_English_Core_QP1_2_3_Set3.pdf,2026_Main_English_Core_QP1_2_3_Set3.pdf,Classified and organized based on document content
ENGLISH_CORE 8/1-7-1.pdf,1-7-1.pdf,SORTED,Class 12/English (Core)/2026/Supplementary Examination/Set 1/2026_Supplementary_English_Core_QP1_7_1_Set1.pdf,2026_Supplementary_English_Core_QP1_7_1_Set1.pdf,Classified and organized based on document content
ENGLISH_CORE 8/1-7-2.pdf,1-7-2.pdf,SORTED,Class 12/English (Core)/2026/Supplementary Examination/Set 2/2026_Supplementary_English_Core_QP1_7_2_Set2.pdf,2026_Supplementary_English_Core_QP1_7_2_Set2.pdf,Classified and organized based on document content
ENGLISH_CORE 8/1-7-3.pdf,1-7-3.pdf,SORTED,Class 12/English (Core)/2026/Supplementary Examination/Set 3/2026_Supplementary_English_Core_QP1_7_3_Set3.pdf,2026_Supplementary_English_Core_QP1_7_3_Set3.pdf,Classified and organized based on document content
ENGLISH_CORE/1-1-1 ENGLISH (Core).pdf,1-1-1 ENGLISH (Core).pdf,SORTED,Class 12/English (Core)/2023/Main Examination/Set 1/2023_Main_English_Core_QP1_1_1_Set1.pdf,2023_Main_English_Core_QP1_1_1_Set1.pdf,Classified and organized based on document content
ENGLISH_CORE/1-1-2 ENGLISH (Core).pdf,1-1-2 ENGLISH (Core).pdf,SORTED,Class 12/English (Core)/2023/Main Examination/Set 2/2023_Main_English_Core_QP1_1_2_Set2.pdf,2023_Main_English_Core_QP1_1_2_Set2.pdf,Classified and organized based on document content
ENGLISH_CORE/1-1-3 ENGLISH (Core).pdf,1-1-3 ENGLISH (Core).pdf,SORTED,Class 12/English (Core)/2023/Main Examination/Set 3/2023_Main_English_Core_QP1_1_3_Set3.pdf,2023_Main_English_Core_QP1_1_3_Set3.pdf,Classified and organized based on document content
ENGLISH_CORE/1-2-1 (English Core).pdf,1-2-1 (English Core).pdf,SORTED,Class 12/English (Core)/2023/Main Examination/Set 1/2023_Main_English_Core_QP1_2_1_Set1.pdf,2023_Main_English_Core_QP1_2_1_Set1.pdf,Classified and organized based on document content
ENGLISH_CORE/1-2-2 (English Core).pdf,1-2-2 (English Core).pdf,SORTED,Class 12/English (Core)/2023/Main Examination/Set 2/2023_Main_English_Core_QP1_2_2_Set2.pdf,2023_Main_English_Core_QP1_2_2_Set2.pdf,Classified and organized based on document content
ENGLISH_CORE/1-2-3 (English Core).pdf,1-2-3 (English Core).pdf,SORTED,Class 12/English (Core)/2023/Main Examination/Set 3/2023_Main_English_Core_QP1_2_3_Set3.pdf,2023_Main_English_Core_QP1_2_3_Set3.pdf,Classified and organized based on document content
ENGLISH_CORE/1-3-1 ENGLISH (Core).pdf,1-3-1 ENGLISH (Core).pdf,SORTED,Class 12/English (Core)/2023/Main Examination/Set 1/2023_Main_English_Core_QP1_3_1_Set1.pdf,2023_Main_English_Core_QP1_3_1_Set1.pdf,Classified and organized based on document content
ENGLISH_CORE/1-3-2 ENGLISH (Core).pdf,1-3-2 ENGLISH (Core).pdf,SORTED,Class 12/English (Core)/2023/Main Examination/Set 2/2023_Main_English_Core_QP1_3_2_Set2.pdf,2023_Main_English_Core_QP1_3_2_Set2.pdf,Classified and organized based on document content
ENGLISH_CORE/1-3-3 ENGLISH (Core).pdf,1-3-3 ENGLISH (Core).pdf,SORTED,Class 12/English (Core)/2023/Main Examination/Set 3/2023_Main_English_Core_QP1_3_3_Set3.pdf,2023_Main_English_Core_QP1_3_3_Set3.pdf,Classified and organized based on document content
ENGLISH_CORE/1-4-1 ENGLISH (Core).pdf,1-4-1 ENGLISH (Core).pdf,SORTED,Class 12/English (Core)/2023/Main Examination/Set 1/2023_Main_English_Core_QP1_4_1_Set1.pdf,2023_Main_English_Core_QP1_4_1_Set1.pdf,Classified and organized based on document content
ENGLISH_CORE/1-4-2 ENGLISH (Core).pdf,1-4-2 ENGLISH (Core).pdf,SORTED,Class 12/English (Core)/2023/Main Examination/Set 2/2023_Main_English_Core_QP1_4_2_Set2.pdf,2023_Main_English_Core_QP1_4_2_Set2.pdf,Classified and organized based on document content
ENGLISH_CORE/1-4-3 ENGLISH (Core).pdf,1-4-3 ENGLISH (Core).pdf,SORTED,Class 12/English (Core)/2023/Main Examination/Set 3/2023_Main_English_Core_QP1_4_3_Set3.pdf,2023_Main_English_Core_QP1_4_3_Set3.pdf,Classified and organized based on document content
ENGLISH_CORE/1-5-1 (English Core).pdf,1-5-1 (English Core).pdf,SORTED,Class 12/English (Core)/2023/Main Examination/Set 1/2023_Main_English_Core_QP1_5_1_Set1.pdf,2023_Main_English_Core_QP1_5_1_Set1.pdf,Classified and organized based on document content
ENGLISH_CORE/1-5-2 (English Core).pdf,1-5-2 (English Core).pdf,SORTED,Class 12/English (Core)/2023/Main Examination/Set 2/2023_Main_English_Core_QP1_5_2_Set2.pdf,2023_Main_English_Core_QP1_5_2_Set2.pdf,Classified and organized based on document content
ENGLISH_CORE/1-5-3 (English Core).pdf,1-5-3 (English Core).pdf,SORTED,Class 12/English (Core)/2023/Main Examination/Set 3/2023_Main_English_Core_QP1_5_3_Set3.pdf,2023_Main_English_Core_QP1_5_3_Set3.pdf,Classified and organized based on document content
ENGLISH_L&L (1)/2-S-1 English L&L.pdf,2-S-1 English L&L.pdf,SORTED,Class 10/English (Language and Literature)/2024/Supplementary Examination/Set 1/2024_Supplementary_English_Language_and_Literature_QP2_S_1_Set1.pdf,2024_Supplementary_English_Language_and_Literature_QP2_S_1_Set1.pdf,Classified and organized based on document content
ENGLISH_L&L (1)/2-S-2 English L&L.pdf,2-S-2 English L&L.pdf,SORTED,Class 10/English (Language and Literature)/2024/Supplementary Examination/Set 2/2024_Supplementary_English_Language_and_Literature_QP2_S_2_Set2.pdf,2024_Supplementary_English_Language_and_Literature_QP2_S_2_Set2.pdf,Classified and organized based on document content
ENGLISH_L&L (1)/2-S-3 English L&L.pdf,2-S-3 English L&L.pdf,SORTED,Class 10/English (Language and Literature)/2024/Supplementary Examination/Set 3/2024_Supplementary_English_Language_and_Literature_QP2_S_3_Set3.pdf,2024_Supplementary_English_Language_and_Literature_QP2_S_3_Set3.pdf,Classified and organized based on document content
ENGLISH_L&L 2/2_1_1_English L & L.pdf,2_1_1_English L & L.pdf,SORTED,Class 10/English (Language and Literature)/2024/Main Examination/Set 1/2024_Main_English_Language_and_Literature_QP2_1_1_Set1.pdf,2024_Main_English_Language_and_Literature_QP2_1_1_Set1.pdf,Classified and organized based on document content
ENGLISH_L&L 2/2_1_2_English L & L.pdf,2_1_2_English L & L.pdf,SORTED,Class 10/English (Language and Literature)/2024/Main Examination/Set 2/2024_Main_English_Language_and_Literature_QP2_1_2_Set2.pdf,2024_Main_English_Language_and_Literature_QP2_1_2_Set2.pdf,Classified and organized based on document content
ENGLISH_L&L 2/2_1_3_English L & L.pdf,2_1_3_English L & L.pdf,SORTED,Class 10/English (Language and Literature)/2024/Main Examination/Set 3/2024_Main_English_Language_and_Literature_QP2_1_3_Set3.pdf,2024_Main_English_Language_and_Literature_QP2_1_3_Set3.pdf,Classified and organized based on document content
ENGLISH_L&L 2/2_2_1_English L & L.pdf,2_2_1_English L & L.pdf,SORTED,Class 10/English (Language and Literature)/2024/Main Examination/Set 1/2024_Main_English_Language_and_Literature_QP2_2_1_Set1.pdf,2024_Main_English_Language_and_Literature_QP2_2_1_Set1.pdf,Classified and organized based on document content
ENGLISH_L&L 2/2_2_2_English L & L.pdf,2_2_2_English L & L.pdf,SORTED,Class 10/English (Language and Literature)/2024/Main Examination/Set 2/2024_Main_English_Language_and_Literature_QP2_2_2_Set2.pdf,2024_Main_English_Language_and_Literature_QP2_2_2_Set2.pdf,Classified and organized based on document content
ENGLISH_L&L 2/2_2_3_English L & L.pdf,2_2_3_English L & L.pdf,SORTED,Class 10/English (Language and Literature)/2024/Main Examination/Set 3/2024_Main_English_Language_and_Literature_QP2_2_3_Set3.pdf,2024_Main_English_Language_and_Literature_QP2_2_3_Set3.pdf,Classified and organized based on document content
ENGLISH_L&L 2/2_3_1_English L & L.pdf,2_3_1_English L & L.pdf,SORTED,Class 10/English (Language and Literature)/2024/Main Examination/Set 1/2024_Main_English_Language_and_Literature_QP2_3_1_Set1.pdf,2024_Main_English_Language_and_Literature_QP2_3_1_Set1.pdf,Classified and organized based on document content
ENGLISH_L&L 2/2_3_2_English L & L.pdf,2_3_2_English L & L.pdf,SORTED,Class 10/English (Language and Literature)/2024/Main Examination/Set 2/2024_Main_English_Language_and_Literature_QP2_3_2_Set2.pdf,2024_Main_English_Language_and_Literature_QP2_3_2_Set2.pdf,Classified and organized based on document content
ENGLISH_L&L 2/2_3_3_English L & L.pdf,2_3_3_English L & L.pdf,SORTED,Class 10/English (Language and Literature)/2024/Main Examination/Set 3/2024_Main_English_Language_and_Literature_QP2_3_3_Set3.pdf,2024_Main_English_Language_and_Literature_QP2_3_3_Set3.pdf,Classified and organized based on document content
ENGLISH_L&L 2/2_4_1_English L & L.pdf,2_4_1_English L & L.pdf,SORTED,Class 10/English (Language and Literature)/2024/Main Examination/Set 1/2024_Main_English_Language_and_Literature_QP2_4_1_Set1.pdf,2024_Main_English_Language_and_Literature_QP2_4_1_Set1.pdf,Classified and organized based on document content
ENGLISH_L&L 2/2_4_2_English L & L.pdf,2_4_2_English L & L.pdf,SORTED,Class 10/English (Language and Literature)/2024/Main Examination/Set 2/2024_Main_English_Language_and_Literature_QP2_4_2_Set2.pdf,2024_Main_English_Language_and_Literature_QP2_4_2_Set2.pdf,Classified and organized based on document content
ENGLISH_L&L 2/2_4_3_English L & L.pdf,2_4_3_English L & L.pdf,SORTED,Class 10/English (Language and Literature)/2024/Main Examination/Set 3/2024_Main_English_Language_and_Literature_QP2_4_3_Set3.pdf,2024_Main_English_Language_and_Literature_QP2_4_3_Set3.pdf,Classified and organized based on document content
ENGLISH_L&L 2/2_5_1_English L & L.pdf,2_5_1_English L & L.pdf,SORTED,Class 10/English (Language and Literature)/2024/Main Examination/Set 1/2024_Main_English_Language_and_Literature_QP2_5_1_Set1.pdf,2024_Main_English_Language_and_Literature_QP2_5_1_Set1.pdf,Classified and organized based on document content
ENGLISH_L&L 2/2_5_2_English L & L.pdf,2_5_2_English L & L.pdf,SORTED,Class 10/English (Language and Literature)/2024/Main Examination/Set 2/2024_Main_English_Language_and_Literature_QP2_5_2_Set2.pdf,2024_Main_English_Language_and_Literature_QP2_5_2_Set2.pdf,Classified and organized based on document content
ENGLISH_L&L 2/2_5_3_English L & L.pdf,2_5_3_English L & L.pdf,SORTED,Class 10/English (Language and Literature)/2024/Main Examination/Set 3/2024_Main_English_Language_and_Literature_QP2_5_3_Set3.pdf,2024_Main_English_Language_and_Literature_QP2_5_3_Set3.pdf,Classified and organized based on document content
Electrical_Technology 2.pdf,Electrical_Technology 2.pdf,SORTED,Class 12/Electrical Technology/2026/Main Examination/Set 4/2026_Main_Electrical_Technology_QP343_Set4.pdf,2026_Main_Electrical_Technology_QP343_Set4.pdf,Classified and organized based on document content
Electrocics_Technology.pdf,Electrocics_Technology.pdf,SORTED,Class 12/Electronics Technology/2026/Supplementary Examination/Set 4/2026_Supplementary_Electronics_Technology_QP344_Set4.pdf,2026_Supplementary_Electronics_Technology_QP344_Set4.pdf,Classified and organized based on document content
Electronics_Hardware 2.pdf,Electronics_Hardware 2.pdf,DELETED_DUPLICATE,Class 12/Electronics and Hardware/2026/Main Examination/Set 4/2026_Main_Electronics_and_Hardware_QPSET_Set4.pdf,2026_Main_Electronics_and_Hardware_QPSET_Set4.pdf,Exact duplicate of Electronics_Hardware.pdf
Electronics_Hardware.pdf,Electronics_Hardware.pdf,SORTED,Class 12/Electronics and Hardware/2026/Main Examination/Set 4/2026_Main_Electronics_and_Hardware_QPSET_Set4.pdf,2026_Main_Electronics_and_Hardware_QPSET_Set4.pdf,Classified and organized based on document content
Electronics_Hardware_Revised.pdf,Electronics_Hardware_Revised.pdf,SORTED,Class 10/Electronics and Hardware/2026/Main Examination/Set 4/2026_Main_Electronics_and_Hardware_QP107_Set4.pdf,2026_Main_Electronics_and_Hardware_QP107_Set4.pdf,Classified and organized based on document content
Electronics_Technology copy.pdf,Electronics_Technology copy.pdf,SORTED,Class 12/Electronics Technology/2026/Main Examination/Set 4/2026_Main_Electronics_Technology_QP344_Set4.pdf,2026_Main_Electronics_Technology_QP344_Set4.pdf,Classified and organized based on document content
Electronics_and_Hardware.pdf,Electronics_and_Hardware.pdf,SORTED,Class 12/Electronics and Hardware/2026/Supplementary Examination/Set 4/2026_Supplementary_Electronics_and_Hardware_QP371_Set4.pdf,2026_Supplementary_Electronics_and_Hardware_QP371_Set4.pdf,Classified and organized based on document content
Eng_Core/1-1-1 English Core.pdf,1-1-1 English Core.pdf,SORTED,Class 12/English (Core)/2022/Main Examination/Set 1/2022_Main_English_Core_QP1_1_1_Set1.pdf,2022_Main_English_Core_QP1_1_1_Set1.pdf,Classified and organized based on document content
Eng_Core/1-1-2 English Core.pdf,1-1-2 English Core.pdf,SORTED,Class 12/English (Core)/2022/Main Examination/Set 2/2022_Main_English_Core_QP1_1_2_Set2.pdf,2022_Main_English_Core_QP1_1_2_Set2.pdf,Classified and organized based on document content
Eng_Core/1-1-3 English Core.pdf,1-1-3 English Core.pdf,SORTED,Class 12/English (Core)/2022/Main Examination/Set 3/2022_Main_English_Core_QP1_1_3_Set3.pdf,2022_Main_English_Core_QP1_1_3_Set3.pdf,Classified and organized based on document content
Eng_Core/1-2-1 English Core.pdf,1-2-1 English Core.pdf,SORTED,Class 12/English (Core)/2022/Main Examination/Set 1/2022_Main_English_Core_QP1_2_1_Set1.pdf,2022_Main_English_Core_QP1_2_1_Set1.pdf,Classified and organized based on document content
Eng_Core/1-2-2 English Core.pdf,1-2-2 English Core.pdf,SORTED,Class 12/English (Core)/2022/Main Examination/Set 2/2022_Main_English_Core_QP1_2_2_Set2.pdf,2022_Main_English_Core_QP1_2_2_Set2.pdf,Classified and organized based on document content
Eng_Core/1-2-3 English Core.pdf,1-2-3 English Core.pdf,SORTED,Class 12/English (Core)/2022/Main Examination/Set 3/2022_Main_English_Core_QP1_2_3_Set3.pdf,2022_Main_English_Core_QP1_2_3_Set3.pdf,Classified and organized based on document content
Eng_Core/1-3-1 English Core.pdf,1-3-1 English Core.pdf,SORTED,Class 12/English (Core)/2022/Main Examination/Set 1/2022_Main_English_Core_QP1_3_1_Set1.pdf,2022_Main_English_Core_QP1_3_1_Set1.pdf,Classified and organized based on document content
Eng_Core/1-3-2 English Core.pdf,1-3-2 English Core.pdf,SORTED,Class 12/English (Core)/2022/Main Examination/Set 2/2022_Main_English_Core_QP1_3_2_Set2.pdf,2022_Main_English_Core_QP1_3_2_Set2.pdf,Classified and organized based on document content
Eng_Core/1-3-3 English Core.pdf,1-3-3 English Core.pdf,SORTED,Class 12/English (Core)/2022/Main Examination/Set 3/2022_Main_English_Core_QP1_3_3_Set3.pdf,2022_Main_English_Core_QP1_3_3_Set3.pdf,Classified and organized based on document content
Eng_Core/1-4-1 English Core.pdf,1-4-1 English Core.pdf,SORTED,Class 12/English (Core)/2022/Main Examination/Set 1/2022_Main_English_Core_QP1_4_1_Set1.pdf,2022_Main_English_Core_QP1_4_1_Set1.pdf,Classified and organized based on document content
Eng_Core/1-4-2 English Core.pdf,1-4-2 English Core.pdf,SORTED,Class 12/English (Core)/2022/Main Examination/Set 2/2022_Main_English_Core_QP1_4_2_Set2.pdf,2022_Main_English_Core_QP1_4_2_Set2.pdf,Classified and organized based on document content
Eng_Core/1-4-3 English Core.pdf,1-4-3 English Core.pdf,SORTED,Class 12/English (Core)/2022/Main Examination/Set 3/2022_Main_English_Core_QP1_4_3_Set3.pdf,2022_Main_English_Core_QP1_4_3_Set3.pdf,Classified and organized based on document content
Eng_Core/1-5-1 English Core.pdf,1-5-1 English Core.pdf,SORTED,Class 12/English (Core)/2022/Main Examination/Set 1/2022_Main_English_Core_QP1_5_1_Set1.pdf,2022_Main_English_Core_QP1_5_1_Set1.pdf,Classified and organized based on document content
Eng_Core/1-5-2 English Core.pdf,1-5-2 English Core.pdf,SORTED,Class 12/English (Core)/2022/Main Examination/Set 2/2022_Main_English_Core_QP1_5_2_Set2.pdf,2022_Main_English_Core_QP1_5_2_Set2.pdf,Classified and organized based on document content
Eng_Core/1-5-3 English Core.pdf,1-5-3 English Core.pdf,SORTED,Class 12/English (Core)/2022/Main Examination/Set 3/2022_Main_English_Core_QP1_5_3_Set3.pdf,2022_Main_English_Core_QP1_5_3_Set3.pdf,Classified and organized based on document content
English_&_Lit/2-1-1 English L & L.pdf,2-1-1 English L & L.pdf,SORTED,Class 10/English (Language and Literature)/2022/Main Examination/Set 1/2022_Main_English_Language_and_Literature_QP2_1_1_Set1.pdf,2022_Main_English_Language_and_Literature_QP2_1_1_Set1.pdf,Classified and organized based on document content
English_&_Lit/2-1-2 English L & L.pdf,2-1-2 English L & L.pdf,SORTED,Class 10/English (Language and Literature)/2022/Main Examination/Set 2/2022_Main_English_Language_and_Literature_QP2_1_2_Set2.pdf,2022_Main_English_Language_and_Literature_QP2_1_2_Set2.pdf,Classified and organized based on document content
English_&_Lit/2-1-3 English L & L.pdf,2-1-3 English L & L.pdf,SORTED,Class 10/English (Language and Literature)/2022/Main Examination/Set 3/2022_Main_English_Language_and_Literature_QP2_1_3_Set3.pdf,2022_Main_English_Language_and_Literature_QP2_1_3_Set3.pdf,Classified and organized based on document content
English_&_Lit/2-2-1 (English L & L).pdf,2-2-1 (English L & L).pdf,SORTED,Class 10/English (Language and Literature)/2022/Main Examination/Set 1/2022_Main_English_Language_and_Literature_QP2_2_1_Set1.pdf,2022_Main_English_Language_and_Literature_QP2_2_1_Set1.pdf,Classified and organized based on document content
English_&_Lit/2-2-2 (English L & L).pdf,2-2-2 (English L & L).pdf,SORTED,Class 10/English (Language and Literature)/2022/Main Examination/Set 2/2022_Main_English_Language_and_Literature_QP2_2_2_Set2.pdf,2022_Main_English_Language_and_Literature_QP2_2_2_Set2.pdf,Classified and organized based on document content
English_&_Lit/2-2-3 (English L & L).pdf,2-2-3 (English L & L).pdf,SORTED,Class 10/English (Language and Literature)/2022/Main Examination/Set 3/2022_Main_English_Language_and_Literature_QP2_2_3_Set3.pdf,2022_Main_English_Language_and_Literature_QP2_2_3_Set3.pdf,Classified and organized based on document content
English_&_Lit/2-3-1 English L & L.pdf,2-3-1 English L & L.pdf,SORTED,Class 10/English (Language and Literature)/2022/Main Examination/Set 1/2022_Main_English_Language_and_Literature_QP2_3_1_Set1.pdf,2022_Main_English_Language_and_Literature_QP2_3_1_Set1.pdf,Classified and organized based on document content
English_&_Lit/2-3-2 English L & L.pdf,2-3-2 English L & L.pdf,SORTED,Class 10/English (Language and Literature)/2022/Main Examination/Set 2/2022_Main_English_Language_and_Literature_QP2_3_2_Set2.pdf,2022_Main_English_Language_and_Literature_QP2_3_2_Set2.pdf,Classified and organized based on document content
English_&_Lit/2-3-3 English L & L.pdf,2-3-3 English L & L.pdf,SORTED,Class 10/English (Language and Literature)/2022/Main Examination/Set 3/2022_Main_English_Language_and_Literature_QP2_3_3_Set3.pdf,2022_Main_English_Language_and_Literature_QP2_3_3_Set3.pdf,Classified and organized based on document content
English_&_Lit/2-4-1 (English L & L).pdf,2-4-1 (English L & L).pdf,SORTED,Class 10/English (Language and Literature)/2022/Main Examination/Set 1/2022_Main_English_Language_and_Literature_QP2_4_1_Set1.pdf,2022_Main_English_Language_and_Literature_QP2_4_1_Set1.pdf,Classified and organized based on document content
English_&_Lit/2-4-2 (English L & L).pdf,2-4-2 (English L & L).pdf,SORTED,Class 10/English (Language and Literature)/2022/Main Examination/Set 2/2022_Main_English_Language_and_Literature_QP2_4_2_Set2.pdf,2022_Main_English_Language_and_Literature_QP2_4_2_Set2.pdf,Classified and organized based on document content
English_&_Lit/2-4-3 (English L & L).pdf,2-4-3 (English L & L).pdf,SORTED,Class 10/English (Language and Literature)/2022/Main Examination/Set 3/2022_Main_English_Language_and_Literature_QP2_4_3_Set3.pdf,2022_Main_English_Language_and_Literature_QP2_4_3_Set3.pdf,Classified and organized based on document content
English_Communicative.pdf,English_Communicative.pdf,SORTED,Class 10/English Communicative/2025/Supplementary Examination/Set 4/2025_Supplementary_English_Communicative_QP11_Set4.pdf,2025_Supplementary_English_Communicative_QP11_Set4.pdf,Classified and organized based on document content
English_Core (4)/1-S-1 English Core.pdf,1-S-1 English Core.pdf,SORTED,Class 12/English (Core)/2024/Supplementary Examination/Set 1/2024_Supplementary_English_Core_QP1_S_1_Set1.pdf,2024_Supplementary_English_Core_QP1_S_1_Set1.pdf,Classified and organized based on document content
English_Core (4)/1-S-2 English Core.pdf,1-S-2 English Core.pdf,SORTED,Class 12/English (Core)/2024/Supplementary Examination/Set 2/2024_Supplementary_English_Core_QP1_S_2_Set2.pdf,2024_Supplementary_English_Core_QP1_S_2_Set2.pdf,Classified and organized based on document content
English_Core (4)/1-S-3 English Core.pdf,1-S-3 English Core.pdf,SORTED,Class 12/English (Core)/2024/Supplementary Examination/Set 3/2024_Supplementary_English_Core_QP1_S_3_Set3.pdf,2024_Supplementary_English_Core_QP1_S_3_Set3.pdf,Classified and organized based on document content
English_Core 2/1_C_1 ENGLISH CORE.pdf,1_C_1 ENGLISH CORE.pdf,SORTED,Class 12/English (Core)/2023/Compartment Examination/Set 1/2023_Compartment_English_Core_QP1_C_1_Set1.pdf,2023_Compartment_English_Core_QP1_C_1_Set1.pdf,Classified and organized based on document content
English_Core 2/1_C_2 ENGLISH CORE.pdf,1_C_2 ENGLISH CORE.pdf,SORTED,Class 12/English (Core)/2023/Compartment Examination/Set 2/2023_Compartment_English_Core_QP1_C_2_Set2.pdf,2023_Compartment_English_Core_QP1_C_2_Set2.pdf,Classified and organized based on document content
English_Core 2/1_C_3 ENGLISH CORE.pdf,1_C_3 ENGLISH CORE.pdf,SORTED,Class 12/English (Core)/2023/Compartment Examination/Set 3/2023_Compartment_English_Core_QP1_C_3_Set3.pdf,2023_Compartment_English_Core_QP1_C_3_Set3.pdf,Classified and organized based on document content
English_Core 5/1-S-1_English Core.pdf,1-S-1_English Core.pdf,SORTED,Class 12/English (Core)/2025/Supplementary Examination/Set 1/2025_Supplementary_English_Core_QP1_S_1_Set1.pdf,2025_Supplementary_English_Core_QP1_S_1_Set1.pdf,Classified and organized based on document content
English_Core 5/1-S-2_English Core.pdf,1-S-2_English Core.pdf,SORTED,Class 12/English (Core)/2025/Supplementary Examination/Set 2/2025_Supplementary_English_Core_QP1_S_2_Set2.pdf,2025_Supplementary_English_Core_QP1_S_2_Set2.pdf,Classified and organized based on document content
English_Core 5/1-S-3_English Core.pdf,1-S-3_English Core.pdf,SORTED,Class 12/English (Core)/2025/Supplementary Examination/Set 3/2025_Supplementary_English_Core_QP1_S_3_Set3.pdf,2025_Supplementary_English_Core_QP1_S_3_Set3.pdf,Classified and organized based on document content
English_Core 9/1-6-1 English Core.pdf,1-6-1 English Core.pdf,SORTED,Class 12/English (Core)/2022/Compartment Examination/Set 1/2022_Compartment_English_Core_QP1_6_1_Set1.pdf,2022_Compartment_English_Core_QP1_6_1_Set1.pdf,Classified and organized based on document content
English_Core 9/1-6-2 English Core.pdf,1-6-2 English Core.pdf,SORTED,Class 12/English (Core)/2022/Compartment Examination/Set 2/2022_Compartment_English_Core_QP1_6_2_Set2.pdf,2022_Compartment_English_Core_QP1_6_2_Set2.pdf,Classified and organized based on document content
English_Core 9/1-6-3 ENGLISH CORE.pdf,1-6-3 ENGLISH CORE.pdf,SORTED,Class 12/English (Core)/2022/Compartment Examination/Set 3/2022_Compartment_English_Core_QP1_6_3_Set3.pdf,2022_Compartment_English_Core_QP1_6_3_Set3.pdf,Classified and organized based on document content
English_Elective 2.pdf,English_Elective 2.pdf,SORTED,Class 12/English (Elective)/2026/Main Examination/Set 4/2026_Main_English_Elective_QP666_Set4.pdf,2026_Main_English_Elective_QP666_Set4.pdf,Classified and organized based on document content
English_Elective 3.pdf,English_Elective 3.pdf,DELETED_DUPLICATE,Class 12/English (Elective)/2025/Supplementary Examination/Set 4/2025_Supplementary_English_Elective_QP28_Set4.pdf,2025_Supplementary_English_Elective_QP28_Set4.pdf,Exact duplicate of English_Elective.pdf
English_Elective 4.pdf,English_Elective 4.pdf,DELETED_DUPLICATE,Class 12/English (Elective)/2026/Main Examination/Set 4/2026_Main_English_Elective_QP666_Set4.pdf,2026_Main_English_Elective_QP666_Set4.pdf,Exact duplicate of English_Elective 2.pdf
English_Elective 5.pdf,English_Elective 5.pdf,DELETED_DUPLICATE,Class 12/English (Elective)/2026/Main Examination/Set 4/2026_Main_English_Elective_QP666_Set4.pdf,2026_Main_English_Elective_QP666_Set4.pdf,Exact duplicate of English_Elective 2.pdf
English_Elective 6.pdf,English_Elective 6.pdf,SORTED,Class 12/English (Elective)/2026/Supplementary Examination/Set 4/2026_Supplementary_English_Elective_QP28_Set4.pdf,2026_Supplementary_English_Elective_QP28_Set4.pdf,Classified and organized based on document content
English_Elective.pdf,English_Elective.pdf,SORTED,Class 12/English (Elective)/2025/Supplementary Examination/Set 4/2025_Supplementary_English_Elective_QP28_Set4.pdf,2025_Supplementary_English_Elective_QP28_Set4.pdf,Classified and organized based on document content
English_Elective/28_C ENGLISH ELECTIVE.pdf,28_C ENGLISH ELECTIVE.pdf,SORTED,Class 12/English (Elective)/2023/Compartment Examination/Set 4/2023_Compartment_English_Elective_QP28_Set4.pdf,2023_Compartment_English_Elective_QP28_Set4.pdf,Classified and organized based on document content
English_L&L/2-S-1_English L&L.pdf,2-S-1_English L&L.pdf,SORTED,Class 10/English (Language and Literature)/2025/Supplementary Examination/Set 1/2025_Supplementary_English_Language_and_Literature_QP2_S_1_Set1.pdf,2025_Supplementary_English_Language_and_Literature_QP2_S_1_Set1.pdf,Classified and organized based on document content
English_L&L/2-S-2_English L&L.pdf,2-S-2_English L&L.pdf,SORTED,Class 10/English (Language and Literature)/2025/Supplementary Examination/Set 2/2025_Supplementary_English_Language_and_Literature_QP2_S_2_Set2.pdf,2025_Supplementary_English_Language_and_Literature_QP2_S_2_Set2.pdf,Classified and organized based on document content
English_L&L/2-S-3_English L&L.pdf,2-S-3_English L&L.pdf,SORTED,Class 10/English (Language and Literature)/2025/Supplementary Examination/Set 3/2025_Supplementary_English_Language_and_Literature_QP2_S_3_Set3.pdf,2025_Supplementary_English_Language_and_Literature_QP2_S_3_Set3.pdf,Classified and organized based on document content
English_Lan_Lit/2_C_1 English Language and Literature.pdf,2_C_1 English Language and Literature.pdf,SORTED,Class 10/English (Language and Literature)/2023/Compartment Examination/Set 1/2023_Compartment_English_Language_and_Literature_QP2_C_1_Set1.pdf,2023_Compartment_English_Language_and_Literature_QP2_C_1_Set1.pdf,Classified and organized based on document content
English_Lan_Lit/2_C_2 English Language and Literature.pdf,2_C_2 English Language and Literature.pdf,SORTED,Class 10/English (Language and Literature)/2023/Compartment Examination/Set 2/2023_Compartment_English_Language_and_Literature_QP2_C_2_Set2.pdf,2023_Compartment_English_Language_and_Literature_QP2_C_2_Set2.pdf,Classified and organized based on document content
English_Lan_Lit/2_C_3 English Language and Literature.pdf,2_C_3 English Language and Literature.pdf,SORTED,Class 10/English (Language and Literature)/2023/Compartment Examination/Set 3/2023_Compartment_English_Language_and_Literature_QP2_C_3_Set3.pdf,2023_Compartment_English_Language_and_Literature_QP2_C_3_Set3.pdf,Classified and organized based on document content
English_Language_Literature 2/2-1-1 ENGLISH L_L.pdf,2-1-1 ENGLISH L_L.pdf,SORTED,Class 10/English (Language and Literature)/2023/Main Examination/Set 1/2023_Main_English_Language_and_Literature_QP2_1_1_Set1.pdf,2023_Main_English_Language_and_Literature_QP2_1_1_Set1.pdf,Classified and organized based on document content
English_Language_Literature 2/2-1-2 ENGLISH L_L.pdf,2-1-2 ENGLISH L_L.pdf,SORTED,Class 10/English (Language and Literature)/2023/Main Examination/Set 2/2023_Main_English_Language_and_Literature_QP2_1_2_Set2.pdf,2023_Main_English_Language_and_Literature_QP2_1_2_Set2.pdf,Classified and organized based on document content
English_Language_Literature 2/2-1-3 ENGLISH L_L.pdf,2-1-3 ENGLISH L_L.pdf,SORTED,Class 10/English (Language and Literature)/2023/Main Examination/Set 3/2023_Main_English_Language_and_Literature_QP2_1_3_Set3.pdf,2023_Main_English_Language_and_Literature_QP2_1_3_Set3.pdf,Classified and organized based on document content
English_Language_Literature 2/2-2-1 ENGLISH L_L.pdf,2-2-1 ENGLISH L_L.pdf,SORTED,Class 10/English (Language and Literature)/2023/Main Examination/Set 1/2023_Main_English_Language_and_Literature_QP2_2_1_Set1.pdf,2023_Main_English_Language_and_Literature_QP2_2_1_Set1.pdf,Classified and organized based on document content
English_Language_Literature 2/2-2-2 ENGLISH L_L.pdf,2-2-2 ENGLISH L_L.pdf,SORTED,Class 10/English (Language and Literature)/2023/Main Examination/Set 2/2023_Main_English_Language_and_Literature_QP2_2_2_Set2.pdf,2023_Main_English_Language_and_Literature_QP2_2_2_Set2.pdf,Classified and organized based on document content
English_Language_Literature 2/2-2-3 ENGLISH L_L.pdf,2-2-3 ENGLISH L_L.pdf,SORTED,Class 10/English (Language and Literature)/2023/Main Examination/Set 3/2023_Main_English_Language_and_Literature_QP2_2_3_Set3.pdf,2023_Main_English_Language_and_Literature_QP2_2_3_Set3.pdf,Classified and organized based on document content
English_Language_Literature 2/2-4-1 ENGLISH L_L.pdf,2-4-1 ENGLISH L_L.pdf,SORTED,Class 10/English (Language and Literature)/2023/Main Examination/Set 1/2023_Main_English_Language_and_Literature_QP2_4_1_Set1.pdf,2023_Main_English_Language_and_Literature_QP2_4_1_Set1.pdf,Classified and organized based on document content
English_Language_Literature 2/2-4-2 ENGLISH L_L.pdf,2-4-2 ENGLISH L_L.pdf,SORTED,Class 10/English (Language and Literature)/2023/Main Examination/Set 2/2023_Main_English_Language_and_Literature_QP2_4_2_Set2.pdf,2023_Main_English_Language_and_Literature_QP2_4_2_Set2.pdf,Classified and organized based on document content
English_Language_Literature 2/2-4-3 ENGLISH L_L.pdf,2-4-3 ENGLISH L_L.pdf,SORTED,Class 10/English (Language and Literature)/2023/Main Examination/Set 3/2023_Main_English_Language_and_Literature_QP2_4_3_Set3.pdf,2023_Main_English_Language_and_Literature_QP2_4_3_Set3.pdf,Classified and organized based on document content
English_Language_Literature 2/2-5-1 ENGLISH L_L.pdf,2-5-1 ENGLISH L_L.pdf,SORTED,Class 10/English (Language and Literature)/2023/Main Examination/Set 1/2023_Main_English_Language_and_Literature_QP2_5_1_Set1.pdf,2023_Main_English_Language_and_Literature_QP2_5_1_Set1.pdf,Classified and organized based on document content
English_Language_Literature 2/2-5-2 ENGLISH L_L.pdf,2-5-2 ENGLISH L_L.pdf,SORTED,Class 10/English (Language and Literature)/2023/Main Examination/Set 2/2023_Main_English_Language_and_Literature_QP2_5_2_Set2.pdf,2023_Main_English_Language_and_Literature_QP2_5_2_Set2.pdf,Classified and organized based on document content
English_Language_Literature 2/2-5-3 ENGLISH L_L.pdf,2-5-3 ENGLISH L_L.pdf,SORTED,Class 10/English (Language and Literature)/2023/Main Examination/Set 3/2023_Main_English_Language_and_Literature_QP2_5_3_Set3.pdf,2023_Main_English_Language_and_Literature_QP2_5_3_Set3.pdf,Classified and organized based on document content
English_Language_Literature 2/2-6-1 ENGLISH L_L.pdf,2-6-1 ENGLISH L_L.pdf,SORTED,Class 10/English (Language and Literature)/2023/Main Examination/Set 1/2023_Main_English_Language_and_Literature_QP2_6_1_Set1.pdf,2023_Main_English_Language_and_Literature_QP2_6_1_Set1.pdf,Classified and organized based on document content
English_Language_Literature 2/2-6-2 ENGLISH L_L.pdf,2-6-2 ENGLISH L_L.pdf,SORTED,Class 10/English (Language and Literature)/2023/Main Examination/Set 2/2023_Main_English_Language_and_Literature_QP2_6_2_Set2.pdf,2023_Main_English_Language_and_Literature_QP2_6_2_Set2.pdf,Classified and organized based on document content
English_Language_Literature 2/2-6-3 ENGLISH L_L.pdf,2-6-3 ENGLISH L_L.pdf,SORTED,Class 10/English (Language and Literature)/2023/Main Examination/Set 3/2023_Main_English_Language_and_Literature_QP2_6_3_Set3.pdf,2023_Main_English_Language_and_Literature_QP2_6_3_Set3.pdf,Classified and organized based on document content
English_Language_Literature/1160-1_2-4-1 English (Lang. & Lit.) (1).pdf,1160-1_2-4-1 English (Lang. & Lit.) (1).pdf,SORTED,Class 10/English (Language and Literature)/2026/Main Examination/Set 1/2026_Main_English_Language_and_Literature_QP2_4_1_Set1.pdf,2026_Main_English_Language_and_Literature_QP2_4_1_Set1.pdf,Classified and organized based on document content
English_Language_Literature/1160-2_2-4-2 English (Lang. & Lit.) (1).pdf,1160-2_2-4-2 English (Lang. & Lit.) (1).pdf,SORTED,Class 10/English (Language and Literature)/2026/Main Examination/Set 2/2026_Main_English_Language_and_Literature_QP2_4_2_Set2.pdf,2026_Main_English_Language_and_Literature_QP2_4_2_Set2.pdf,Classified and organized based on document content
English_Language_Literature/1160-3_2-4-3 English (Lang. & Lit.) (1).pdf,1160-3_2-4-3 English (Lang. & Lit.) (1).pdf,SORTED,Class 10/English (Language and Literature)/2026/Main Examination/Set 3/2026_Main_English_Language_and_Literature_QP2_4_3_Set3.pdf,2026_Main_English_Language_and_Literature_QP2_4_3_Set3.pdf,Classified and organized based on document content
English_Language_Literature/1161-1_2-5-1 English (Lang. & Lit.) (1).pdf,1161-1_2-5-1 English (Lang. & Lit.) (1).pdf,SORTED,Class 10/English (Language and Literature)/2026/Main Examination/Set 1/2026_Main_English_Language_and_Literature_QP2_5_1_Set1.pdf,2026_Main_English_Language_and_Literature_QP2_5_1_Set1.pdf,Classified and organized based on document content
English_Language_Literature/1161-2_2-5-2 English (Lang. & Lit.) (1).pdf,1161-2_2-5-2 English (Lang. & Lit.) (1).pdf,SORTED,Class 10/English (Language and Literature)/2026/Main Examination/Set 2/2026_Main_English_Language_and_Literature_QP2_5_2_Set2.pdf,2026_Main_English_Language_and_Literature_QP2_5_2_Set2.pdf,Classified and organized based on document content
English_Language_Literature/1161-3_2-5-3 English (Lang. & Lit.) (1).pdf,1161-3_2-5-3 English (Lang. & Lit.) (1).pdf,SORTED,Class 10/English (Language and Literature)/2026/Main Examination/Set 3/2026_Main_English_Language_and_Literature_QP2_5_3_Set3.pdf,2026_Main_English_Language_and_Literature_QP2_5_3_Set3.pdf,Classified and organized based on document content
English_Language_Literature/2-1-1_English (Lang. & Lit.).pdf,2-1-1_English (Lang. & Lit.).pdf,SORTED,Class 10/English (Language and Literature)/2026/Main Examination/Set 1/2026_Main_English_Language_and_Literature_QP2_1_1_Set1.pdf,2026_Main_English_Language_and_Literature_QP2_1_1_Set1.pdf,Classified and organized based on document content
English_Language_Literature/2-1-2_English (Lang. & Lit.).pdf,2-1-2_English (Lang. & Lit.).pdf,SORTED,Class 10/English (Language and Literature)/2026/Main Examination/Set 2/2026_Main_English_Language_and_Literature_QP2_1_2_Set2.pdf,2026_Main_English_Language_and_Literature_QP2_1_2_Set2.pdf,Classified and organized based on document content
English_Language_Literature/2-1-3_English (Lang. & Lit.).pdf,2-1-3_English (Lang. & Lit.).pdf,SORTED,Class 10/English (Language and Literature)/2026/Main Examination/Set 3/2026_Main_English_Language_and_Literature_QP2_1_3_Set3.pdf,2026_Main_English_Language_and_Literature_QP2_1_3_Set3.pdf,Classified and organized based on document content
English_Language_Literature/2-2-1 (1).pdf,2-2-1 (1).pdf,SORTED,Class 10/English (Language and Literature)/2026/Main Examination/Set 1/2026_Main_English_Language_and_Literature_QP2_2_1_Set1.pdf,2026_Main_English_Language_and_Literature_QP2_2_1_Set1.pdf,Classified and organized based on document content
English_Language_Literature/2-2-2 (1).pdf,2-2-2 (1).pdf,SORTED,Class 10/English (Language and Literature)/2026/Main Examination/Set 2/2026_Main_English_Language_and_Literature_QP2_2_2_Set2.pdf,2026_Main_English_Language_and_Literature_QP2_2_2_Set2.pdf,Classified and organized based on document content
English_Language_Literature/2-2-3 (1).pdf,2-2-3 (1).pdf,SORTED,Class 10/English (Language and Literature)/2026/Main Examination/Set 3/2026_Main_English_Language_and_Literature_QP2_2_3_Set3.pdf,2026_Main_English_Language_and_Literature_QP2_2_3_Set3.pdf,Classified and organized based on document content
English_Language_Literature/2-3-1 (1).pdf,2-3-1 (1).pdf,SORTED,Class 10/English (Language and Literature)/2026/Main Examination/Set 1/2026_Main_English_Language_and_Literature_QP2_3_1_Set1.pdf,2026_Main_English_Language_and_Literature_QP2_3_1_Set1.pdf,Classified and organized based on document content
English_Language_Literature/2-3-2 (1).pdf,2-3-2 (1).pdf,SORTED,Class 10/English (Language and Literature)/2026/Main Examination/Set 2/2026_Main_English_Language_and_Literature_QP2_3_2_Set2.pdf,2026_Main_English_Language_and_Literature_QP2_3_2_Set2.pdf,Classified and organized based on document content
English_Language_Literature/2-3-3 (1).pdf,2-3-3 (1).pdf,SORTED,Class 10/English (Language and Literature)/2026/Main Examination/Set 3/2026_Main_English_Language_and_Literature_QP2_3_3_Set3.pdf,2026_Main_English_Language_and_Literature_QP2_3_3_Set3.pdf,Classified and organized based on document content
English_communicative 2.pdf,English_communicative 2.pdf,SORTED,Class 10/English Communicative/2026/Main Examination/Set 4/2026_Main_English_Communicative_QP80_Set4.pdf,2026_Main_English_Communicative_QP80_Set4.pdf,Classified and organized based on document content
English_language_and_Literature 2/2-6-1_English language and Literature.pdf,2-6-1_English language and Literature.pdf,DELETED_DUPLICATE,Class 10/English (Language and Literature)/2022/Compartment Examination/Set 1/2022_Compartment_English_Language_and_Literature_QP2_6_1_Set1.pdf,2022_Compartment_English_Language_and_Literature_QP2_6_1_Set1.pdf,Exact duplicate of English_language_and_Literature/2-6-1_English language and Literature.pdf
English_language_and_Literature 2/2-6-2_English language and Literature.pdf,2-6-2_English language and Literature.pdf,DELETED_DUPLICATE,Class 10/English (Language and Literature)/2022/Compartment Examination/Set 2/2022_Compartment_English_Language_and_Literature_QP2_6_2_Set2.pdf,2022_Compartment_English_Language_and_Literature_QP2_6_2_Set2.pdf,Exact duplicate of English_language_and_Literature/2-6-2_English language and Literature.pdf
English_language_and_Literature 2/2-6-3_English language and Literature.pdf,2-6-3_English language and Literature.pdf,DELETED_DUPLICATE,Class 10/English (Language and Literature)/2022/Compartment Examination/Set 3/2022_Compartment_English_Language_and_Literature_QP2_6_3_Set3.pdf,2022_Compartment_English_Language_and_Literature_QP2_6_3_Set3.pdf,Exact duplicate of English_language_and_Literature/2-6-3_English language and Literature.pdf
English_language_and_Literature/2-6-1_English language and Literature.pdf,2-6-1_English language and Literature.pdf,SORTED,Class 10/English (Language and Literature)/2022/Compartment Examination/Set 1/2022_Compartment_English_Language_and_Literature_QP2_6_1_Set1.pdf,2022_Compartment_English_Language_and_Literature_QP2_6_1_Set1.pdf,Classified and organized based on document content
English_language_and_Literature/2-6-2_English language and Literature.pdf,2-6-2_English language and Literature.pdf,SORTED,Class 10/English (Language and Literature)/2022/Compartment Examination/Set 2/2022_Compartment_English_Language_and_Literature_QP2_6_2_Set2.pdf,2022_Compartment_English_Language_and_Literature_QP2_6_2_Set2.pdf,Classified and organized based on document content
English_language_and_Literature/2-6-3_English language and Literature.pdf,2-6-3_English language and Literature.pdf,SORTED,Class 10/English (Language and Literature)/2022/Compartment Examination/Set 3/2022_Compartment_English_Language_and_Literature_QP2_6_3_Set3.pdf,2022_Compartment_English_Language_and_Literature_QP2_6_3_Set3.pdf,Classified and organized based on document content
Information_Technology 10.pdf,Information_Technology 10.pdf,SORTED,Class 10/Information Technology/2026/Main Examination/Set 4/2026_Main_Information_Technology_QP666_Set4.pdf,2026_Main_Information_Technology_QP666_Set4.pdf,Classified and organized based on document content
Information_Technology 11.pdf,Information_Technology 11.pdf,SORTED,Class 12/Information Technology/2026/Supplementary Examination/Set 4/2026_Supplementary_Information_Technology_QP326_Set4.pdf,2026_Supplementary_Information_Technology_QP326_Set4.pdf,Classified and organized based on document content
Information_Technology 12.pdf,Information_Technology 12.pdf,SORTED,Class 12/Information Technology/2025/Supplementary Examination/Set 4/2025_Supplementary_Information_Technology_QP326_Set4.pdf,2025_Supplementary_Information_Technology_QP326_Set4.pdf,Classified and organized based on document content
Information_Technology 2.pdf,Information_Technology 2.pdf,DELETED_DUPLICATE,Class 10/Information Technology/2023/Compartment Examination/Set 4/2023_Compartment_Information_Technology_QP89_Set4.pdf,2023_Compartment_Information_Technology_QP89_Set4.pdf,Exact duplicate of Information_Technology.pdf
Information_Technology 3.pdf,Information_Technology 3.pdf,SORTED,Class 12/Information Technology/2023/Compartment Examination/Set 4/2023_Compartment_Information_Technology_QP326_Set4.pdf,2023_Compartment_Information_Technology_QP326_Set4.pdf,Classified and organized based on document content
Information_Technology 4.pdf,Information_Technology 4.pdf,DELETED_DUPLICATE,Class 12/Information Technology/2023/Compartment Examination/Set 4/2023_Compartment_Information_Technology_QP326_Set4.pdf,2023_Compartment_Information_Technology_QP326_Set4.pdf,Exact duplicate of Information_Technology 3.pdf
Information_Technology 5.pdf,Information_Technology 5.pdf,SORTED,Class 10/Information Technology/2025/Supplementary Examination/Set 4/2025_Supplementary_Information_Technology_QP89_Set4.pdf,2025_Supplementary_Information_Technology_QP89_Set4.pdf,Classified and organized based on document content
Information_Technology 6.pdf,Information_Technology 6.pdf,DELETED_DUPLICATE,Class 12/Information Technology/2025/Supplementary Examination/Set 4/2025_Supplementary_Information_Technology_QP326_Set4.pdf,2025_Supplementary_Information_Technology_QP326_Set4.pdf,Exact duplicate of Information_Technology 12.pdf
Information_Technology 7.pdf,Information_Technology 7.pdf,SORTED,Class 10/Information Technology/2026/Main Examination/Set 4/2026_Main_Information_Technology_QP89_Set4.pdf,2026_Main_Information_Technology_QP89_Set4.pdf,Classified and organized based on document content
Information_Technology 8.pdf,Information_Technology 8.pdf,DELETED_DUPLICATE,Class 12/Information Technology/2025/Supplementary Examination/Set 4/2025_Supplementary_Information_Technology_QP326_Set4.pdf,2025_Supplementary_Information_Technology_QP326_Set4.pdf,Exact duplicate of Information_Technology 12.pdf
Information_Technology 9.pdf,Information_Technology 9.pdf,DELETED_DUPLICATE,Class 10/Information Technology/2026/Main Examination/Set 4/2026_Main_Information_Technology_QP666_Set4.pdf,2026_Main_Information_Technology_QP666_Set4.pdf,Exact duplicate of Information_Technology 10.pdf
Information_Technology.pdf,Information_Technology.pdf,SORTED,Class 10/Information Technology/2023/Compartment Examination/Set 4/2023_Compartment_Information_Technology_QP89_Set4.pdf,2023_Compartment_Information_Technology_QP89_Set4.pdf,Classified and organized based on document content
SHORTHAND_ENGLISH.pdf,SHORTHAND_ENGLISH.pdf,SORTED,Class 12/Shorthand (English)/2023/Compartment Examination/Set 4/2023_Compartment_Shorthand_English_QP349_Set4.pdf,2023_Compartment_Shorthand_English_QP349_Set4.pdf,Classified and organized based on document content
TYPOGRAPHY_AND_COM_APP.pdf,TYPOGRAPHY_AND_COM_APP.pdf,SORTED,Class 12/Typography and Computer Applications/2023/Compartment Examination/Set 4/2023_Compartment_Typography_and_Computer_Applications_QP341_Set4.pdf,2023_Compartment_Typography_and_Computer_Applications_QP341_Set4.pdf,Classified and organized based on document content
Typography_&_Computer_Revised.pdf,Typography_&_Computer_Revised.pdf,SORTED,Class 12/Typography and Computer Applications/2026/Supplementary Examination/Set 4/2026_Supplementary_Typography_and_Computer_Applications_QP341_Set4.pdf,2026_Supplementary_Typography_and_Computer_Applications_QP341_Set4.pdf,Classified and organized based on document content
Typography_Computer 2.pdf,Typography_Computer 2.pdf,SORTED,Class 12/Typography and Computer Applications/2026/Main Examination/Set 4/2026_Main_Typography_and_Computer_Applications_QP341_Set4.pdf,2026_Main_Typography_and_Computer_Applications_QP341_Set4.pdf,Classified and organized based on document content
Typography_Computer 3.pdf,Typography_Computer 3.pdf,DELETED_DUPLICATE,Class 12/Typography and Computer Applications/2026/Main Examination/Set 4/2026_Main_Typography_and_Computer_Applications_QP341_Set4.pdf,2026_Main_Typography_and_Computer_Applications_QP341_Set4.pdf,Exact duplicate of Typography_Computer 2.pdf
Typography_Computer 4.pdf,Typography_Computer 4.pdf,DELETED_DUPLICATE,Class 12/Typography and Computer Applications/2026/Main Examination/Set 4/2026_Main_Typography_and_Computer_Applications_QP341_Set4.pdf,2026_Main_Typography_and_Computer_Applications_QP341_Set4.pdf,Exact duplicate of Typography_Computer 2.pdf
Typography_Computer 5.pdf,Typography_Computer 5.pdf,DELETED_DUPLICATE,Class 12/Typography and Computer Applications/2026/Main Examination/Set 4/2026_Main_Typography_and_Computer_Applications_QP341_Set4.pdf,2026_Main_Typography_and_Computer_Applications_QP341_Set4.pdf,Exact duplicate of Typography_Computer 2.pdf
Typography_Computer.pdf,Typography_Computer.pdf,SORTED,Class 12/Typography and Computer Applications/2025/Supplementary Examination/Set 4/2025_Supplementary_Typography_and_Computer_Applications_QP341_Set4.pdf,2025_Supplementary_Typography_and_Computer_Applications_QP341_Set4.pdf,Classified and organized based on document content
WEB_APPLICATIONS 2.pdf,WEB_APPLICATIONS 2.pdf,SORTED,Class 12/Web Applications/2025/Supplementary Examination/Set 4/2025_Supplementary_Web_Applications_QP327_Set4.pdf,2025_Supplementary_Web_Applications_QP327_Set4.pdf,Classified and organized based on document content
WEB_APPLICATIONS 3.pdf,WEB_APPLICATIONS 3.pdf,DELETED_DUPLICATE,Class 12/Web Applications/2025/Supplementary Examination/Set 4/2025_Supplementary_Web_Applications_QP327_Set4.pdf,2025_Supplementary_Web_Applications_QP327_Set4.pdf,Exact duplicate of WEB_APPLICATIONS 2.pdf
WEB_APPLICATIONS 4.pdf,WEB_APPLICATIONS 4.pdf,SORTED,Class 12/Web Applications/2026/Main Examination/Set 4/2026_Main_Web_Applications_QP327_Set4.pdf,2026_Main_Web_Applications_QP327_Set4.pdf,Classified and organized based on document content
WEB_APPLICATIONS 5.pdf,WEB_APPLICATIONS 5.pdf,SORTED,Class 12/Web Applications/2026/Supplementary Examination/Set 4/2026_Supplementary_Web_Applications_QP327_Set4.pdf,2026_Supplementary_Web_Applications_QP327_Set4.pdf,Classified and organized based on document content
WEB_APPLICATIONS.pdf,WEB_APPLICATIONS.pdf,SORTED,Class 12/Web Applications/2023/Compartment Examination/Set 4/2023_Compartment_Web_Applications_QP327_Set4.pdf,2023_Compartment_Web_Applications_QP327_Set4.pdf,Classified and organized based on document content
